Time;Channel A;Channel B
(ms);(V);(V)

-50.09187013;6.46931400;9.89593200
-50.05091013;6.55751200;9.89593200
-50.00995013;6.55751200;9.71831400
-49.96899013;6.55751200;9.54130600
-49.92803013;6.46931400;9.54130600
-49.88707013;6.46931400;9.54130600
-49.84611013;6.46931400;9.54130600
-49.80515013;6.46931400;9.54130600
-49.76419013;6.55751200;9.54130600
-49.72323013;6.55751200;9.36430000
-49.68227013;0.03387555;0.15076140
-49.64131013;0.03387555;0.15076140
-49.60035013;0.03387555;0.15076140
-49.55939013;0.03387555;-0.02624592
-49.51843013;0.03387555;-0.02624592
-49.47747013;0.03387555;-0.02624592
-49.43651013;0.03387555;0.15076140
-49.39555013;-0.05432295;-0.02624592
-49.35459013;0.03387555;-0.02624592
-49.31363013;0.03387555;-0.02624592
-49.27267013;-0.05432295;-0.02624592
-49.23171013;0.03387555;-0.02624592
-49.19075013;0.03387555;-0.02624592
-49.14979013;0.03387555;0.15076140
-49.10883014;0.03387555;0.15076140
-49.06787014;0.03387555;0.15076140
-49.02691014;0.03387555;-0.02624592
-48.98595014;0.03387555;0.15076140
-48.94499014;0.03387555;0.15076140
-48.90403014;-0.05432295;-0.02624592
-48.86307014;0.03387555;0.15076140
-48.82211014;-0.05432295;-0.02624592
-48.78115014;0.03387555;-0.02624592
-48.74019014;-0.05432295;-0.02624592
-48.69923014;-0.05432295;-0.02624592
-48.65827014;0.03387555;0.15076140
-48.61731014;0.03387555;-0.02624592
-48.57635014;0.03387555;-0.02624592
-48.53539014;0.03387555;0.15076140
-48.49443014;0.03387555;-0.02624592
-48.45347014;-0.05432295;-0.02624592
-48.41251014;0.03387555;-0.02624592
-48.37155014;0.03387555;-0.02624592
-48.33059014;0.03387555;-0.02624592
-48.28963014;-0.05432295;-0.02624592
-48.24867014;0.03387555;-0.02624592
-48.20771014;0.03387555;-0.02624592
-48.16675014;-0.05432295;-0.02624592
-48.12579014;-0.05432295;-0.02624592
-48.08483014;0.03387555;-0.02624592
-48.04387014;0.03387555;-0.02624592
-48.00291014;0.03387555;-0.02624592
-47.96195014;0.03387555;-0.02624592
-47.92099014;0.03387555;-0.02624592
-47.88003014;0.03387555;-0.02624592
-47.83907014;0.03387555;-0.02624592
-47.79811014;0.03387555;-0.02624592
-47.75715014;-0.05432295;0.15076140
-47.71619014;0.03387555;0.15076140
-47.67523014;0.03387555;-0.02624592
-47.63427014;0.03387555;-0.02624592
-47.59331014;0.03387555;-0.02624592
-47.55235014;-0.05432295;-0.02624592
-47.51139014;0.03387555;-0.02624592
-47.47043015;0.03387555;-0.02624592
-47.42947015;0.03387555;0.15076140
-47.38851015;0.03387555;0.15076140
-47.34755015;0.03387555;0.15076140
-47.30659015;-0.05432295;-0.02624592
-47.26563015;-0.05432295;-0.02624592
-47.22467015;0.03387555;-0.02624592
-47.18371015;0.03387555;0.15076140
-47.14275015;0.03387555;-0.02624592
-47.10179015;0.03387555;0.15076140
-47.06083015;0.03387555;-0.02624592
-47.01987015;0.03387555;-0.02624592
-46.97891015;0.03387555;0.15076140
-46.93795015;0.03387555;0.15076140
-46.89699015;0.03387555;-0.02624592
-46.85603015;0.03387555;0.15076140
-46.81507015;-0.05432295;0.15076140
-46.77411015;0.03387555;-0.02624592
-46.73315015;0.03387555;-0.02624592
-46.69219015;0.03387555;-0.02624592
-46.65123015;0.03387555;-0.02624592
-46.61027015;0.03387555;0.15076140
-46.56931015;0.03387555;-0.02624592
-46.52835015;-0.05432295;-0.02624592
-46.48739015;-0.05432295;-0.02624592
-46.44643015;0.03387555;-0.02624592
-46.40547015;0.03387555;-0.02624592
-46.36451015;0.03387555;-0.02624592
-46.32355015;-0.05432295;0.15076140
-46.28259015;0.03387555;-0.02624592
-46.24163015;0.03387555;0.15076140
-46.20067015;-0.05432295;-0.02624592
-46.15971015;-0.05432295;-0.02624592
-46.11875015;-0.05432295;-0.02624592
-46.07779015;0.03387555;-0.02624592
-46.03683015;0.03387555;-0.02624592
-45.99587015;0.03387555;0.15076140
-45.95491015;0.03387555;-0.02624592
-45.91395015;0.03387555;-0.02624592
-45.87299015;0.03387555;-0.02624592
-45.83203015;0.03387555;-0.02624592
-45.79107016;0.03387555;0.15076140
-45.75011016;0.03387555;-0.02624592
-45.70915016;0.03387555;-0.02624592
-45.66819016;0.03387555;-0.02624592
-45.62723016;0.03387555;0.15076140
-45.58627016;0.03387555;0.15076140
-45.54531016;0.03387555;-0.02624592
-45.50435016;-0.05432295;-0.02624592
-45.46339016;0.03387555;0.15076140
-45.42243016;-0.05432295;-0.02624592
-45.38147016;-0.05432295;-0.02624592
-45.34051016;-0.05432295;-0.02624592
-45.29955016;0.03387555;-0.02624592
-45.25859016;0.03387555;-0.02624592
-45.21763016;0.03387555;-0.02624592
-45.17667016;0.03387555;-0.02624592
-45.13571016;0.03387555;-0.02624592
-45.09475016;0.03387555;-0.02624592
-45.05379016;0.03387555;-0.02624592
-45.01283016;0.03387555;-0.02624592
-44.97187016;-0.05432295;-0.02624592
-44.93091016;0.03387555;-0.02624592
-44.88995016;0.03387555;-0.02624592
-44.84899016;0.03387555;0.15076140
-44.80803016;-0.05432295;-0.02624592
-44.76707016;-0.05432295;-0.02624592
-44.72611016;-0.05432295;-0.02624592
-44.68515016;0.03387555;-0.02624592
-44.64419016;0.03387555;-0.02624592
-44.60323016;0.03387555;0.15076140
-44.56227016;0.03387555;-0.02624592
-44.52131016;0.03387555;-0.02624592
-44.48035016;0.03387555;0.15076140
-44.43939016;0.03387555;-0.02624592
-44.39843016;0.03387555;-0.02624592
-44.35747016;0.03387555;-0.02624592
-44.31651016;-0.05432295;-0.02624592
-44.27555016;0.03387555;-0.02624592
-44.23459016;-0.05432295;-0.02624592
-44.19363016;0.03387555;-0.02624592
-44.15267017;-0.05432295;-0.02624592
-44.11171017;0.03387555;-0.02624592
-44.07075017;0.03387555;-0.02624592
-44.02979017;0.03387555;0.15076140
-43.98883017;0.03387555;-0.02624592
-43.94787017;0.03387555;-0.02624592
-43.90691017;0.03387555;-0.02624592
-43.86595017;0.03387555;-0.02624592
-43.82499017;-0.05432295;-0.02624592
-43.78403017;0.03387555;-0.02624592
-43.74307017;0.03387555;0.15076140
-43.70211017;0.03387555;-0.02624592
-43.66115017;-0.05432295;-0.02624592
-43.62019017;0.03387555;-0.02624592
-43.57923017;0.03387555;0.15076140
-43.53827017;-0.05432295;-0.02624592
-43.49731017;-0.05432295;-0.02624592
-43.45635017;0.03387555;0.15076140
-43.41539017;0.03387555;-0.02624592
-43.37443017;0.03387555;-0.02624592
-43.33347017;0.03387555;0.15076140
-43.29251017;0.03387555;-0.02624592
-43.25155017;-0.05432295;-0.02624592
-43.21059017;-0.05432295;0.15076140
-43.16963017;0.03387555;0.15076140
-43.12867017;0.03387555;0.15076140
-43.08771017;-0.05432295;-0.02624592
-43.04675017;0.03387555;-0.02624592
-43.00579017;0.03387555;0.15076140
-42.96483017;-0.05432295;-0.02624592
-42.92387017;-0.05432295;-0.02624592
-42.88291017;0.03387555;-0.02624592
-42.84195017;-0.05432295;-0.02624592
-42.80099017;0.03387555;-0.02624592
-42.76003017;0.03387555;0.15076140
-42.71907017;0.03387555;0.15076140
-42.67811017;0.03387555;0.15076140
-42.63715017;0.03387555;-0.02624592
-42.59619017;0.03387555;-0.02624592
-42.55523017;-0.05432295;-0.02624592
-42.51427018;-0.05432295;-0.02624592
-42.47331018;-0.05432295;-0.02624592
-42.43235018;0.03387555;-0.02624592
-42.39139018;0.03387555;-0.02624592
-42.35043018;0.03387555;0.15076140
-42.30947018;-0.05432295;-0.02624592
-42.26851018;0.03387555;-0.02624592
-42.22755018;0.03387555;-0.02624592
-42.18659018;0.03387555;-0.02624592
-42.14563018;-0.05432295;-0.02624592
-42.10467018;-0.05432295;-0.02624592
-42.06371018;0.03387555;-0.02624592
-42.02275018;-0.05432295;-0.02624592
-41.98179018;0.03387555;-0.02624592
-41.94083018;0.03387555;-0.02624592
-41.89987018;0.03387555;-0.02624592
-41.85891018;-0.05432295;-0.02624592
-41.81795018;0.03387555;0.15076140
-41.77699018;0.03387555;-0.02624592
-41.73603018;-0.05432295;-0.02624592
-41.69507018;0.03387555;-0.02624592
-41.65411018;0.03387555;-0.02624592
-41.61315018;0.03387555;-0.02624592
-41.57219018;-0.05432295;-0.02624592
-41.53123018;0.03387555;-0.02624592
-41.49027018;0.03387555;-0.02624592
-41.44931018;0.03387555;-0.02624592
-41.40835018;0.03387555;0.15076140
-41.36739018;0.03387555;-0.02624592
-41.32643018;-0.05432295;-0.02624592
-41.28547018;0.03387555;0.15076140
-41.24451018;0.03387555;0.15076140
-41.20355018;0.03387555;-0.02624592
-41.16259018;-0.05432295;-0.02624592
-41.12163018;-0.05432295;-0.02624592
-41.08067018;-0.05432295;-0.02624592
-41.03971018;-0.05432295;0.15076140
-40.99875018;-0.05432295;-0.02624592
-40.95779018;0.03387555;-0.02624592
-40.91683018;-0.05432295;-0.02624592
-40.87587019;0.03387555;-0.02624592
-40.83491019;0.03387555;-0.02624592
-40.79395019;-0.05432295;-0.02624592
-40.75299019;0.03387555;0.15076140
-40.71203019;0.03387555;0.15076140
-40.67107019;0.03387555;-0.02624592
-40.63011019;0.03387555;-0.02624592
-40.58915019;0.03387555;0.15076140
-40.54819019;0.03387555;-0.02624592
-40.50723019;-0.05432295;-0.02624592
-40.46627019;0.03387555;-0.02624592
-40.42531019;0.03387555;-0.02624592
-40.38435019;0.03387555;-0.02624592
-40.34339019;0.03387555;-0.02624592
-40.30243019;0.03387555;-0.02624592
-40.26147019;0.03387555;-0.02624592
-40.22051019;-0.05432295;-0.02624592
-40.17955019;0.03387555;-0.02624592
-40.13859019;0.03387555;-0.02624592
-40.09763019;0.03387555;-0.02624592
-40.05667019;0.03387555;-0.02624592
-40.01571019;0.03387555;0.15076140
-39.97475019;0.03387555;-0.02624592
-39.93379019;0.12207400;-0.02624592
-39.89283019;0.12207400;0.15076140
-39.85187019;0.12207400;-0.02624592
-39.81091019;0.12207400;0.15076140
-39.76995019;0.12207400;0.15076140
-39.72899019;0.12207400;0.15076140
-39.68803019;0.12207400;0.15076140
-39.64707019;0.12207400;-0.02624592
-39.60611019;0.21027250;0.15076140
-39.56515019;0.12207400;-0.02624592
-39.52419019;0.12207400;-0.02624592
-39.48323019;0.21027250;-0.02624592
-39.44227019;0.21027250;0.15076140
-39.40131019;0.21027250;-0.02624592
-39.36035019;0.21027250;0.15076140
-39.31939019;0.21027250;-0.02624592
-39.27843019;0.21027250;-0.02624592
-39.23747020;0.21027250;-0.02624592
-39.19651020;0.21027250;-0.02624592
-39.15555020;0.21027250;0.15076140
-39.11459020;0.21027250;0.15076140
-39.07363020;0.21027250;-0.02624592
-39.03267020;0.29816580;-0.02624592
-38.99171020;0.29816580;-0.02624592
-38.95075020;0.29816580;-0.02624592
-38.90979020;0.29816580;-0.02624592
-38.86883020;0.29816580;-0.02624592
-38.82787020;0.29816580;0.15076140
-38.78691020;0.29816580;-0.02624592
-38.74595020;0.29816580;-0.02624592
-38.70499020;0.29816580;-0.02624592
-38.66403020;0.29816580;-0.02624592
-38.62307020;0.29816580;-0.02624592
-38.58211020;0.29816580;-0.02624592
-38.54115020;0.29816580;0.15076140
-38.50019020;0.29816580;-0.02624592
-38.45923020;0.29816580;-0.02624592
-38.41827020;0.29816580;-0.02624592
-38.37731020;0.29816580;0.15076140
-38.33635020;0.29816580;-0.02624592
-38.29539020;0.29816580;-0.02624592
-38.25443020;0.29816580;-0.02624592
-38.21347020;0.29816580;-0.02624592
-38.17251020;0.38605910;-0.02624592
-38.13155020;0.29816580;-0.02624592
-38.09059020;0.29816580;-0.02624592
-38.04963020;0.38605910;-0.02624592
-38.00867020;0.38605910;-0.02624592
-37.96771020;0.38605910;-0.02624592
-37.92675020;0.38605910;-0.02624592
-37.88579020;0.47425760;-0.02624592
-37.84483020;0.38605910;-0.02624592
-37.80387020;0.47425760;-0.02624592
-37.76291020;0.47425760;-0.02624592
-37.72195020;0.47425760;-0.02624592
-37.68099020;0.47425760;-0.02624592
-37.64003020;0.47425760;-0.02624592
-37.59907021;0.47425760;-0.02624592
-37.55811021;0.47425760;-0.02624592
-37.51715021;0.47425760;-0.02624592
-37.47619021;0.47425760;-0.02624592
-37.43523021;0.47425760;-0.02624592
-37.39427021;0.47425760;-0.02624592
-37.35331021;0.47425760;-0.02624592
-37.31235021;0.47425760;-0.02624592
-37.27139021;0.47425760;-0.02624592
-37.23043021;0.56245610;-0.02624592
-37.18947021;0.47425760;-0.02624592
-37.14851021;0.56245610;-0.02624592
-37.10755021;0.56245610;-0.02624592
-37.06659021;0.56245610;-0.02624592
-37.02563021;0.56245610;-0.02624592
-36.98467021;0.56245610;-0.02624592
-36.94371021;0.56245610;-0.02624592
-36.90275021;0.56245610;-0.02624592
-36.86179021;0.56245610;-0.02624592
-36.82083021;0.65065460;-0.02624592
-36.77987021;0.65065460;-0.02624592
-36.73891021;0.56245610;-0.02624592
-36.69795021;0.65065460;-0.02624592
-36.65699021;0.65065460;-0.02624592
-36.61603021;0.65065460;-0.02624592
-36.57507021;0.65065460;-0.02624592
-36.53411021;0.65065460;-0.02624592
-36.49315021;0.65065460;-0.02624592
-36.45219021;0.65065460;-0.02624592
-36.41123021;0.65065460;-0.02624592
-36.37027021;0.65065460;-0.02624592
-36.32931021;0.65065460;-0.02624592
-36.28835021;0.65065460;-0.02624592
-36.24739021;0.65065460;-0.02624592
-36.20643021;0.65065460;-0.02624592
-36.16547021;0.65065460;-0.02624592
-36.12451021;0.65065460;-0.02624592
-36.08355021;0.73885310;-0.02624592
-36.04259021;0.65065460;-0.02624592
-36.00163021;0.65065460;-0.02624592
-35.96067021;0.65065460;-0.02624592
-35.91971022;0.73885310;-0.02624592
-35.87875022;0.73885310;-0.02624592
-35.83779022;0.65065460;-0.02624592
-35.79683022;0.73885310;-0.02624592
-35.75587022;0.73885310;-0.02624592
-35.71491022;0.73885310;-0.02624592
-35.67395022;0.82705160;-0.02624592
-35.63299022;0.82705160;-0.02624592
-35.59203022;0.73885310;-0.02624592
-35.55107022;0.82705160;-0.02624592
-35.51011022;0.82705160;-0.02624592
-35.46915022;0.82705160;-0.02624592
-35.42819022;0.82705160;-0.02624592
-35.38723022;0.82705160;-0.02624592
-35.34627022;0.82705160;-0.02624592
-35.30531022;0.82705160;-0.02624592
-35.26435022;0.82705160;-0.02624592
-35.22339022;0.91525010;-0.02624592
-35.18243022;0.82705160;-0.02624592
-35.14147022;0.91525010;-0.02624592
-35.10051022;0.91525010;-0.02624592
-35.05955022;0.91525010;-0.02624592
-35.01859022;0.91525010;-0.02624592
-34.97763022;0.82705160;-0.02624592
-34.93667022;0.91525010;-0.02624592
-34.89571022;0.91525010;-0.02624592
-34.85475022;0.91525010;-0.02624592
-34.81379022;0.91525010;-0.02624592
-34.77283022;0.91525010;-0.02624592
-34.73187022;0.91525010;-0.02624592
-34.69091022;1.00344900;-0.02624592
-34.64995022;0.91525010;-0.02624592
-34.60899022;1.00344900;-0.02624592
-34.56803022;1.00344900;-0.02624592
-34.52707022;1.00344900;-0.02624592
-34.48611022;1.00344900;-0.02624592
-34.44515022;1.00344900;-0.02624592
-34.40419022;1.00344900;-0.02624592
-34.36323022;1.00344900;-0.02624592
-34.32227022;1.00344900;-0.02624592
-34.28131023;1.00344900;-0.02624592
-34.24035023;1.00344900;-0.02624592
-34.19939023;1.00344900;-0.02624592
-34.15843023;1.00344900;-0.02624592
-34.11747023;1.00344900;-0.02624592
-34.07651023;1.00344900;-0.02624592
-34.03555023;1.00344900;-0.02624592
-33.99459023;1.00344900;-0.02624592
-33.95363023;1.09134200;-0.02624592
-33.91267023;1.00344900;-0.02624592
-33.87171023;1.09134200;-0.02624592
-33.83075023;1.09134200;-0.02624592
-33.78979023;1.09134200;-0.02624592
-33.74883023;1.09134200;-0.02624592
-33.70787023;1.09134200;-0.02624592
-33.66691023;1.09134200;-0.02624592
-33.62595023;1.17954000;-0.02624592
-33.58499023;1.09134200;-0.02624592
-33.54403023;1.17954000;-0.02624592
-33.50307023;1.17954000;-0.02624592
-33.46211023;1.17954000;-0.02624592
-33.42115023;1.17954000;-0.02624592
-33.38019023;1.17954000;-0.02624592
-33.33923023;1.17954000;-0.02624592
-33.29827023;1.17954000;-0.02624592
-33.25731023;1.17954000;-0.02624592
-33.21635023;1.17954000;-0.02624592
-33.17539023;1.17954000;-0.20325330
-33.13443023;1.17954000;-0.20325330
-33.09347023;1.26773900;-0.02624592
-33.05251023;1.26773900;-0.20325330
-33.01155023;1.26773900;-0.20325330
-32.97059023;1.17954000;-0.20325330
-32.92963023;1.26773900;-0.20325330
-32.88867023;1.26773900;-0.20325330
-32.84771023;1.26773900;-0.20325330
-32.80675023;1.26773900;-0.20325330
-32.76579023;1.26773900;-0.20325330
-32.72483023;1.26773900;-0.02624592
-32.68387023;1.26773900;-0.20325330
-32.64291024;1.26773900;-0.20325330
-32.60195024;1.26773900;-0.20325330
-32.56099024;1.26773900;-0.20325330
-32.52003024;1.26773900;-0.20325330
-32.47907024;1.35593700;-0.20325330
-32.43811024;1.35593700;-0.02624592
-32.39715024;1.35593700;-0.02624592
-32.35619024;1.35593700;-0.20325330
-32.31523024;1.35593700;-0.38087100
-32.27427024;1.35593700;-0.20325330
-32.23331024;1.35593700;-0.20325330
-32.19235024;1.35593700;-0.20325330
-32.15139024;1.35593700;-0.20325330
-32.11043024;1.35593700;-0.20325330
-32.06947024;1.35593700;-0.20325330
-32.02851024;1.35593700;-0.02624592
-31.98755024;1.35593700;-0.20325330
-31.94659024;1.35593700;-0.20325330
-31.90563024;1.35593700;-0.38087100
-31.86467024;1.44413600;-0.20325330
-31.82371024;1.35593700;-0.20325330
-31.78275024;1.35593700;-0.20325330
-31.74179024;1.44413600;-0.20325330
-31.70083024;1.35593700;-0.20325330
-31.65987024;1.35593700;-0.20325330
-31.61891024;1.44413600;-0.20325330
-31.57795024;1.35593700;-0.20325330
-31.53699024;1.44413600;-0.20325330
-31.49603024;1.44413600;-0.20325330
-31.45507024;1.44413600;-0.20325330
-31.41411024;1.44413600;-0.02624592
-31.37315024;1.44413600;-0.20325330
-31.33219024;1.44413600;-0.20325330
-31.29123024;1.53233400;-0.02624592
-31.25027024;1.44413600;-0.20325330
-31.20931024;1.53233400;-0.20325330
-31.16835024;1.53233400;-0.20325330
-31.12739024;1.53233400;-0.02624592
-31.08643024;1.53233400;-0.20325330
-31.04547024;1.53233400;-0.20325330
-31.00451025;1.53233400;-0.02624592
-30.96355025;1.53233400;-0.20325330
-30.92259025;1.62053300;-0.20325330
-30.88163025;1.53233400;-0.20325330
-30.84067025;1.53233400;-0.20325330
-30.79971025;1.62053300;-0.20325330
-30.75875025;1.62053300;-0.20325330
-30.71779025;1.53233400;-0.20325330
-30.67683025;1.62053300;-0.20325330
-30.63587025;1.62053300;-0.20325330
-30.59491025;1.62053300;-0.20325330
-30.55395025;1.62053300;-0.20325330
-30.51299025;1.62053300;-0.20325330
-30.47203025;1.62053300;-0.20325330
-30.43107025;1.62053300;-0.20325330
-30.39011025;1.62053300;-0.02624592
-30.34915025;1.62053300;-0.20325330
-30.30819025;1.62053300;-0.02624592
-30.26723025;1.62053300;-0.02624592
-30.22627025;1.70873100;-0.02624592
-30.18531025;1.70873100;-0.20325330
-30.14435025;1.62053300;-0.02624592
-30.10339025;1.70873100;-0.02624592
-30.06243025;1.70873100;-0.02624592
-30.02147025;1.70873100;-0.02624592
-29.98051025;1.70873100;-0.02624592
-29.93955025;1.70873100;-0.02624592
-29.89859025;1.70873100;-0.20325330
-29.85763025;1.70873100;-0.02624592
-29.81667025;1.70873100;-0.02624592
-29.77571025;1.70873100;-0.02624592
-29.73475025;1.70873100;-0.20325330
-29.69379025;1.70873100;-0.02624592
-29.65283025;1.70873100;-0.02624592
-29.61187025;1.79662500;-0.02624592
-29.57091025;1.70873100;-0.02624592
-29.52995025;1.70873100;-0.02624592
-29.48899025;1.70873100;-0.02624592
-29.44803025;1.79662500;-0.20325330
-29.40707025;1.70873100;-0.02624592
-29.36611026;1.79662500;-0.02624592
-29.32515026;1.70873100;-0.02624592
-29.28419026;1.79662500;-0.02624592
-29.24323026;1.79662500;-0.02624592
-29.20227026;1.79662500;-0.02624592
-29.16131026;1.79662500;-0.02624592
-29.12035026;1.79662500;-0.02624592
-29.07939026;1.79662500;-0.02624592
-29.03843026;1.88482300;-0.02624592
-28.99747026;1.88482300;-0.02624592
-28.95651026;1.88482300;-0.02624592
-28.91555026;1.79662500;-0.02624592
-28.87459026;1.88482300;-0.02624592
-28.83363026;1.88482300;-0.02624592
-28.79267026;1.88482300;-0.02624592
-28.75171026;1.88482300;-0.02624592
-28.71075026;1.88482300;-0.02624592
-28.66979026;1.88482300;-0.02624592
-28.62883026;1.88482300;-0.02624592
-28.58787026;1.97302200;-0.02624592
-28.54691026;1.97302200;-0.02624592
-28.50595026;1.97302200;-0.02624592
-28.46499026;1.97302200;-0.02624592
-28.42403026;1.97302200;-0.02624592
-28.38307026;1.97302200;-0.02624592
-28.34211026;1.97302200;-0.02624592
-28.30115026;1.97302200;-0.02624592
-28.26019026;1.97302200;-0.02624592
-28.21923026;1.97302200;-0.02624592
-28.17827026;1.97302200;-0.02624592
-28.13731026;1.97302200;-0.02624592
-28.09635026;1.97302200;-0.02624592
-28.05539026;2.06122000;-0.02624592
-28.01443026;1.97302200;-0.02624592
-27.97347026;2.06122000;-0.02624592
-27.93251026;2.06122000;-0.02624592
-27.89155026;2.06122000;-0.02624592
-27.85059026;2.06122000;0.15076140
-27.80963026;2.06122000;-0.02624592
-27.76867026;2.06122000;0.15076140
-27.72771027;2.06122000;-0.02624592
-27.68675027;2.06122000;0.15076140
-27.64579027;2.06122000;-0.02624592
-27.60483027;2.06122000;-0.02624592
-27.56387027;2.06122000;-0.02624592
-27.52291027;2.06122000;0.15076140
-27.48195027;2.06122000;-0.02624592
-27.44099027;2.06122000;-0.02624592
-27.40003027;2.06122000;-0.02624592
-27.35907027;2.06122000;-0.02624592
-27.31811027;2.06122000;-0.02624592
-27.27715027;2.06122000;0.15076140
-27.23619027;2.14941900;0.15076140
-27.19523027;2.14941900;-0.02624592
-27.15427027;2.06122000;-0.02624592
-27.11331027;2.06122000;0.15076140
-27.07235027;2.14941900;-0.02624592
-27.03139027;2.14941900;0.15076140
-26.99043027;2.06122000;0.15076140
-26.94947027;2.14941900;0.15076140
-26.90851027;2.14941900;0.15076140
-26.86755027;2.23761700;0.15076140
-26.82659027;2.14941900;0.15076140
-26.78563027;2.23761700;0.15076140
-26.74467027;2.23761700;0.15076140
-26.70371027;2.23761700;0.15076140
-26.66275027;2.23761700;0.15076140
-26.62179027;2.23761700;0.15076140
-26.58083027;2.23761700;0.15076140
-26.53987027;2.23761700;0.15076140
-26.49891027;2.23761700;0.15076140
-26.45795027;2.23761700;0.15076140
-26.41699027;2.23761700;0.15076140
-26.37603027;2.32581600;0.15076140
-26.33507027;2.32581600;0.15076140
-26.29411027;2.23761700;0.15076140
-26.25315027;2.32581600;0.15076140
-26.21219027;2.32581600;0.15076140
-26.17123027;2.32581600;0.15076140
-26.13027027;2.32581600;0.15076140
-26.08931027;2.32581600;0.15076140
-26.04835028;2.32581600;0.15076140
-26.00739028;2.32581600;0.15076140
-25.96643028;2.32581600;0.15076140
-25.92547028;2.32581600;0.15076140
-25.88451028;2.32581600;0.15076140
-25.84355028;2.32581600;0.32776880
-25.80259028;2.32581600;0.15076140
-25.76163028;2.32581600;0.15076140
-25.72067028;2.32581600;0.15076140
-25.67971028;2.41401400;0.15076140
-25.63875028;2.41401400;0.15076140
-25.59779028;2.32581600;0.15076140
-25.55683028;2.32581600;0.15076140
-25.51587028;2.41401400;0.15076140
-25.47491028;2.41401400;0.15076140
-25.43395028;2.41401400;0.15076140
-25.39299028;2.41401400;0.15076140
-25.35203028;2.41401400;0.15076140
-25.31107028;2.41401400;0.32776880
-25.27011028;2.41401400;0.15076140
-25.22915028;2.41401400;0.15076140
-25.18819028;2.41401400;0.15076140
-25.14723028;2.41401400;0.15076140
-25.10627028;2.41401400;0.15076140
-25.06531028;2.41401400;0.15076140
-25.02435028;2.50190700;0.15076140
-24.98339028;2.50190700;0.15076140
-24.94243028;2.50190700;0.15076140
-24.90147028;2.50190700;0.15076140
-24.86051028;2.59010600;0.15076140
-24.81955028;2.50190700;0.15076140
-24.77859028;2.50190700;0.15076140
-24.73763028;2.59010600;0.32776880
-24.69667028;2.50190700;0.32776880
-24.65571028;2.50190700;0.32776880
-24.61475028;2.59010600;0.15076140
-24.57379028;2.59010600;0.32776880
-24.53283028;2.59010600;0.15076140
-24.49187028;2.59010600;0.15076140
-24.45091028;2.59010600;0.32776880
-24.40995029;2.59010600;0.32776880
-24.36899029;2.67830400;0.32776880
-24.32803029;2.59010600;0.32776880
-24.28707029;2.59010600;0.32776880
-24.24611029;2.59010600;0.32776880
-24.20515029;2.67830400;0.32776880
-24.16419029;2.67830400;0.32776880
-24.12323029;2.67830400;0.32776880
-24.08227029;2.67830400;0.32776880
-24.04131029;2.67830400;0.32776880
-24.00035029;2.67830400;0.32776880
-23.95939029;2.67830400;0.32776880
-23.91843029;2.67830400;0.32776880
-23.87747029;2.67830400;0.32776880
-23.83651029;2.67830400;0.50477610
-23.79555029;2.76650300;0.32776880
-23.75459029;2.67830400;0.50477610
-23.71363029;2.67830400;0.50477610
-23.67267029;2.76650300;0.50477610
-23.63171029;2.76650300;0.68178350
-23.59075029;2.67830400;0.50477610
-23.54979029;2.76650300;0.50477610
-23.50883029;2.76650300;0.50477610
-23.46787029;2.76650300;0.50477610
-23.42691029;2.76650300;0.50477610
-23.38595029;2.76650300;0.50477610
-23.34499029;2.76650300;0.68178350
-23.30403029;2.76650300;0.50477610
-23.26307029;2.76650300;0.68178350
-23.22211029;2.76650300;0.68178350
-23.18115029;2.76650300;0.50477610
-23.14019029;2.76650300;0.68178350
-23.09923029;2.76650300;0.50477610
-23.05827029;2.76650300;0.68178350
-23.01731029;2.85470100;0.68178350
-22.97635029;2.76650300;0.68178350
-22.93539029;2.85470100;0.68178350
-22.89443029;2.85470100;0.68178350
-22.85347029;2.85470100;0.68178350
-22.81251029;2.85470100;0.68178350
-22.77155030;2.85470100;0.68178350
-22.73059030;2.85470100;0.68178350
-22.68963030;2.85470100;0.50477610
-22.64867030;2.85470100;0.68178350
-22.60771030;2.94290000;0.68178350
-22.56675030;2.94290000;0.50477610
-22.52579030;2.94290000;0.68178350
-22.48483030;2.94290000;0.50477610
-22.44387030;2.94290000;0.68178350
-22.40291030;2.94290000;0.50477610
-22.36195030;2.94290000;0.50477610
-22.32099030;2.94290000;0.50477610
-22.28003030;2.94290000;0.68178350
-22.23907030;2.94290000;0.50477610
-22.19811030;2.94290000;0.50477610
-22.15715030;2.94290000;0.68178350
-22.11619030;2.94290000;0.50477610
-22.07523030;2.94290000;0.50477610
-22.03427030;3.03109800;0.50477610
-21.99331030;2.94290000;0.50477610
-21.95235030;2.94290000;0.68178350
-21.91139030;3.03109800;0.50477610
-21.87043030;3.03109800;0.50477610
-21.82947030;3.03109800;0.68178350
-21.78851030;3.03109800;0.50477610
-21.74755030;3.03109800;0.68178350
-21.70659030;3.03109800;0.68178350
-21.66563030;3.03109800;0.68178350
-21.62467030;3.03109800;0.68178350
-21.58371030;3.03109800;0.68178350
-21.54275030;3.03109800;0.68178350
-21.50179030;3.11929700;0.68178350
-21.46083030;3.03109800;0.68178350
-21.41987030;3.11929700;0.68178350
-21.37891030;3.11929700;0.68178350
-21.33795030;3.11929700;0.68178350
-21.29699030;3.11929700;0.68178350
-21.25603030;3.11929700;0.68178350
-21.21507030;3.11929700;0.68178350
-21.17411030;3.11929700;0.85879090
-21.13315031;3.11929700;0.85879090
-21.09219031;3.11929700;0.85879090
-21.05123031;3.11929700;0.85879090
-21.01027031;3.11929700;1.03640900
-20.96931031;3.11929700;1.03640900
-20.92835031;3.11929700;1.03640900
-20.88739031;3.11929700;1.03640900
-20.84643031;3.11929700;1.03640900
-20.80547031;3.11929700;1.03640900
-20.76451031;3.11929700;1.21341600
-20.72355031;3.20719000;1.21341600
-20.68259031;3.20719000;1.21341600
-20.64163031;3.11929700;1.21341600
-20.60067031;3.20719000;1.21341600
-20.55971031;3.20719000;1.21341600
-20.51875031;3.20719000;1.21341600
-20.47779031;3.20719000;1.21341600
-20.43683031;3.20719000;1.21341600
-20.39587031;3.20719000;1.21341600
-20.35491031;3.20719000;1.21341600
-20.31395031;3.20719000;1.21341600
-20.27299031;3.29538900;1.39042300
-20.23203031;3.29538900;1.39042300
-20.19107031;3.20719000;1.21341600
-20.15011031;3.29538900;1.21341600
-20.10915031;3.29538900;1.21341600
-20.06819031;3.29538900;1.21341600
-20.02723031;3.29538900;1.03640900
-19.98627031;3.29538900;1.03640900
-19.94531031;3.29538900;1.03640900
-19.90435031;3.29538900;1.03640900
-19.86339031;3.29538900;1.03640900
-19.82243031;3.38358700;1.03640900
-19.78147031;3.38358700;1.03640900
-19.74051031;3.38358700;1.03640900
-19.69955031;3.38358700;1.03640900
-19.65859031;3.38358700;1.03640900
-19.61763031;3.38358700;1.03640900
-19.57667031;3.29538900;1.03640900
-19.53571031;3.38358700;1.03640900
-19.49475032;3.38358700;1.03640900
-19.45379032;3.38358700;0.85879090
-19.41283032;3.38358700;0.85879090
-19.37187032;3.38358700;0.85879090
-19.33091032;3.38358700;0.85879090
-19.28995032;3.38358700;0.85879090
-19.24899032;3.38358700;0.85879090
-19.20803032;3.47178600;0.85879090
-19.16707032;3.47178600;0.85879090
-19.12611032;3.47178600;0.85879090
-19.08515032;3.38358700;0.85879090
-19.04419032;3.47178600;0.85879090
-19.00323032;3.47178600;0.85879090
-18.96227032;3.47178600;0.68178350
-18.92131032;3.47178600;0.85879090
-18.88035032;3.47178600;0.85879090
-18.83939032;3.47178600;0.85879090
-18.79843032;3.47178600;0.85879090
-18.75747032;3.47178600;0.85879090
-18.71651032;3.47178600;0.85879090
-18.67555032;3.47178600;0.85879090
-18.63459032;3.47178600;0.85879090
-18.59363032;3.47178600;0.85879090
-18.55267032;3.47178600;0.85879090
-18.51171032;3.47178600;0.85879090
-18.47075032;3.47178600;0.85879090
-18.42979032;3.47178600;0.85879090
-18.38883032;3.47178600;0.85879090
-18.34787032;3.55998400;1.03640900
-18.30691032;3.55998400;1.03640900
-18.26595032;3.55998400;1.03640900
-18.22499032;3.64818300;1.03640900
-18.18403032;3.55998400;1.03640900
-18.14307032;3.55998400;1.21341600
-18.10211032;3.64818300;1.21341600
-18.06115032;3.55998400;1.21341600
-18.02019032;3.55998400;1.39042300
-17.97923032;3.64818300;1.39042300
-17.93827032;3.64818300;1.39042300
-17.89731032;3.64818300;1.56804100
-17.85635033;3.64818300;1.56804100
-17.81539033;3.64818300;1.56804100
-17.77443033;3.64818300;1.74504800
-17.73347033;3.64818300;1.74504800
-17.69251033;3.64818300;1.74504800
-17.65155033;3.64818300;1.74504800
-17.61059033;3.64818300;1.74504800
-17.56963033;3.73638100;1.92205600
-17.52867033;3.64818300;1.92205600
-17.48771033;3.73638100;2.09906300
-17.44675033;3.64818300;2.09906300
-17.40579033;3.73638100;2.09906300
-17.36483033;3.73638100;2.09906300
-17.32387033;3.73638100;2.09906300
-17.28291033;3.73638100;2.09906300
-17.24195033;3.73638100;2.09906300
-17.20099033;3.73638100;2.09906300
-17.16003033;3.73638100;2.09906300
-17.11907033;3.73638100;2.09906300
-17.07811033;3.73638100;2.09906300
-17.03715033;3.73638100;2.09906300
-16.99619033;3.73638100;1.92205600
-16.95523033;3.73638100;1.74504800
-16.91427033;3.73638100;1.74504800
-16.87331033;3.82458000;1.74504800
-16.83235033;3.73638100;1.74504800
-16.79139033;3.82458000;1.74504800
-16.75043033;3.82458000;1.74504800
-16.70947033;3.82458000;1.74504800
-16.66851033;3.82458000;1.74504800
-16.62755033;3.82458000;1.56804100
-16.58659033;3.82458000;1.56804100
-16.54563033;3.82458000;1.56804100
-16.50467033;3.82458000;1.56804100
-16.46371033;3.82458000;1.56804100
-16.42275033;3.82458000;1.56804100
-16.38179033;3.82458000;1.39042300
-16.34083033;3.82458000;1.39042300
-16.29987033;3.82458000;1.39042300
-16.25891033;3.82458000;1.39042300
-16.21795033;3.82458000;1.39042300
-16.17699034;3.91247300;1.39042300
-16.13603034;3.91247300;1.39042300
-16.09507034;3.82458000;1.39042300
-16.05411034;3.91247300;1.39042300
-16.01315034;3.91247300;1.39042300
-15.97219034;3.91247300;1.21341600
-15.93123034;3.91247300;1.21341600
-15.89027034;4.00067100;1.21341600
-15.84931034;4.00067100;1.39042300
-15.80835034;4.00067100;1.21341600
-15.76739034;4.00067100;1.39042300
-15.72643034;4.00067100;1.39042300
-15.68547034;4.00067100;1.21341600
-15.64451034;4.00067100;1.39042300
-15.60355034;4.00067100;1.21341600
-15.56259034;4.00067100;1.39042300
-15.52163034;4.00067100;1.39042300
-15.48067034;4.08887000;1.39042300
-15.43971034;4.00067100;1.39042300
-15.39875034;4.08887000;1.39042300
-15.35779034;4.00067100;1.39042300
-15.31683034;4.08887000;1.39042300
-15.27587034;4.08887000;1.39042300
-15.23491034;4.08887000;1.39042300
-15.19395034;4.08887000;1.56804100
-15.15299034;4.08887000;1.56804100
-15.11203034;4.08887000;1.74504800
-15.07107034;4.08887000;1.74504800
-15.03011034;4.08887000;1.74504800
-14.98915034;4.08887000;1.92205600
-14.94819034;4.08887000;2.09906300
-14.90723034;4.08887000;2.09906300
-14.86627034;4.17706800;2.27668100
-14.82531034;4.17706800;2.27668100
-14.78435034;4.08887000;2.27668100
-14.74339034;4.17706800;2.45368800
-14.70243034;4.17706800;2.45368800
-14.66147034;4.08887000;2.63069600
-14.62051034;4.17706800;2.80831300
-14.57955034;4.17706800;2.80831300
-14.53859035;4.17706800;2.98532100
-14.49763035;4.17706800;2.98532100
-14.45667035;4.17706800;2.98532100
-14.41571035;4.17706800;3.16232800
-14.37475035;4.17706800;3.16232800
-14.33379035;4.17706800;3.16232800
-14.29283035;4.17706800;3.33994600
-14.25187035;4.17706800;3.16232800
-14.21091035;4.17706800;3.16232800
-14.16995035;4.17706800;3.16232800
-14.12899035;4.17706800;3.16232800
-14.08803035;4.17706800;3.16232800
-14.04707035;4.26526700;3.16232800
-14.00611035;4.26526700;3.16232800
-13.96515035;4.17706800;3.16232800
-13.92419035;4.26526700;3.16232800
-13.88323035;4.26526700;3.16232800
-13.84227035;4.26526700;2.98532100
-13.80131035;4.35346600;2.98532100
-13.76035035;4.26526700;2.98532100
-13.71939035;4.26526700;2.98532100
-13.67843035;4.26526700;2.98532100
-13.63747035;4.35346600;2.80831300
-13.59651035;4.35346600;2.80831300
-13.55555035;4.35346600;2.80831300
-13.51459035;4.35346600;2.63069600
-13.47363035;4.35346600;2.63069600
-13.43267035;4.35346600;2.45368800
-13.39171035;4.35346600;2.45368800
-13.35075035;4.35346600;2.45368800
-13.30979035;4.35346600;2.45368800
-13.26883035;4.35346600;2.27668100
-13.22787035;4.35346600;2.27668100
-13.18691035;4.35346600;2.27668100
-13.14595035;4.44166400;2.27668100
-13.10499035;4.44166400;2.09906300
-13.06403035;4.35346600;2.09906300
-13.02307035;4.44166400;2.09906300
-12.98211035;4.44166400;2.09906300
-12.94115035;4.44166400;2.09906300
-12.90019036;4.44166400;1.92205600
-12.85923036;4.44166400;1.74504800
-12.81827036;4.44166400;1.92205600
-12.77731036;4.44166400;1.74504800
-12.73635036;4.44166400;1.74504800
-12.69539036;4.44166400;1.74504800
-12.65443036;4.44166400;1.74504800
-12.61347036;4.44166400;1.74504800
-12.57251036;4.52986200;1.74504800
-12.53155036;4.52986200;1.74504800
-12.49059036;4.52986200;1.74504800
-12.44963036;4.52986200;1.74504800
-12.40867036;4.52986200;1.74504800
-12.36771036;4.52986200;1.92205600
-12.32675036;4.52986200;1.92205600
-12.28579036;4.52986200;2.09906300
-12.24483036;4.52986200;2.09906300
-12.20387036;4.52986200;2.09906300
-12.16291036;4.52986200;2.09906300
-12.12195036;4.52986200;2.09906300
-12.08099036;4.52986200;2.27668100
-12.04003036;4.52986200;2.27668100
-11.99907036;4.52986200;2.45368800
-11.95811036;4.52986200;2.45368800
-11.91715036;4.52986200;2.63069600
-11.87619036;4.52986200;2.80831300
-11.83523036;4.61775600;2.80831300
-11.79427036;4.52986200;2.98532100
-11.75331036;4.52986200;3.16232800
-11.71235036;4.61775600;3.16232800
-11.67139036;4.61775600;3.33994600
-11.63043036;4.61775600;3.51695300
-11.58947036;4.70595400;3.51695300
-11.54851036;4.70595400;3.69396000
-11.50755036;4.61775600;3.87096800
-11.46659036;4.70595400;3.87096800
-11.42563036;4.70595400;4.04858500
-11.38467036;4.70595400;4.22559300
-11.34371036;4.61775600;4.22559300
-11.30275036;4.70595400;4.40260000
-11.26179037;4.70595400;4.40260000
-11.22083037;4.70595400;4.58021800
-11.17987037;4.70595400;4.58021800
-11.13891037;4.70595400;4.58021800
-11.09795037;4.70595400;4.58021800
-11.05699037;4.70595400;4.58021800
-11.01603037;4.70595400;4.58021800
-10.97507037;4.79415300;4.58021800
-10.93411037;4.79415300;4.58021800
-10.89315037;4.79415300;4.58021800
-10.85219037;4.79415300;4.58021800
-10.81123037;4.79415300;4.58021800
-10.77027037;4.79415300;4.58021800
-10.72931037;4.79415300;4.58021800
-10.68835037;4.79415300;4.40260000
-10.64739037;4.79415300;4.40260000
-10.60643037;4.79415300;4.40260000
-10.56547037;4.79415300;4.22559300
-10.52451037;4.79415300;4.22559300
-10.48355037;4.79415300;4.22559300
-10.44259037;4.88235100;4.22559300
-10.40163037;4.88235100;4.04858500
-10.36067037;4.88235100;3.87096800
-10.31971037;4.88235100;3.87096800
-10.27875037;4.79415300;3.87096800
-10.23779037;4.88235100;3.69396000
-10.19683037;4.88235100;3.69396000
-10.15587037;4.88235100;3.69396000
-10.11491037;4.88235100;3.51695300
-10.07395037;4.88235100;3.51695300
-10.03299037;4.88235100;3.51695300
-9.99203037;4.88235100;3.51695300
-9.95107037;4.88235100;3.16232800
-9.91011037;4.88235100;3.16232800
-9.86915037;4.88235100;3.16232800
-9.82819037;4.88235100;3.16232800
-9.78723037;4.88235100;3.16232800
-9.74627037;4.88235100;3.16232800
-9.70531037;4.88235100;3.16232800
-9.66435037;4.97055000;3.16232800
-9.62339038;4.88235100;2.98532100
-9.58243038;4.97055000;2.98532100
-9.54147038;4.97055000;2.98532100
-9.50051038;4.97055000;2.98532100
-9.45955038;4.97055000;2.98532100
-9.41859038;4.97055000;2.98532100
-9.37763038;4.97055000;2.98532100
-9.33667038;4.97055000;2.98532100
-9.29571038;4.97055000;2.98532100
-9.25475038;5.05874800;2.98532100
-9.21379038;5.05874800;3.16232800
-9.17283038;4.97055000;3.16232800
-9.13187038;5.05874800;3.16232800
-9.09091038;5.05874800;3.16232800
-9.04995038;5.05874800;3.16232800
-9.00899038;5.05874800;3.33994600
-8.96803038;5.05874800;3.51695300
-8.92707038;5.05874800;3.51695300
-8.88611038;5.05874800;3.69396000
-8.84515038;5.05874800;3.69396000
-8.80419038;5.14694600;3.87096800
-8.76323038;5.05874800;3.87096800
-8.72227038;5.05874800;4.04858500
-8.68131038;5.14694600;4.40260000
-8.64035038;5.05874800;4.58021800
-8.59939038;5.14694600;4.58021800
-8.55843038;5.14694600;4.75722500
-8.51747038;5.14694600;4.93423300
-8.47651038;5.14694600;5.11185000
-8.43555038;5.14694600;5.28885700
-8.39459038;5.14694600;5.28885700
-8.35363038;5.14694600;5.64287200
-8.31267038;5.14694600;5.82049000
-8.27171038;5.14694600;5.82049000
-8.23075038;5.14694600;5.99749800
-8.18979038;5.23514500;6.17450500
-8.14883038;5.14694600;6.17450500
-8.10787038;5.23514500;6.35212300
-8.06691038;5.23514500;6.35212300
-8.02595038;5.23514500;6.52913000
-7.98499039;5.23514500;6.52913000
-7.94403039;5.23514500;6.70613700
-7.90307039;5.23514500;6.70613700
-7.86211039;5.23514500;6.70613700
-7.82115039;5.23514500;6.70613700
-7.78019039;5.23514500;6.70613700
-7.73923039;5.23514500;6.70613700
-7.69827039;5.23514500;6.70613700
-7.65731039;5.23514500;6.70613700
-7.61635039;5.23514500;6.70613700
-7.57539039;5.23514500;6.52913000
-7.53443039;5.23514500;6.52913000
-7.49347039;5.23514500;6.52913000
-7.45251039;5.32303900;6.35212300
-7.41155039;5.32303900;6.35212300
-7.37059039;5.32303900;6.35212300
-7.32963039;5.23514500;6.17450500
-7.28867039;5.32303900;5.99749800
-7.24771039;5.32303900;5.99749800
-7.20675039;5.41123700;5.99749800
-7.16579039;5.32303900;5.82049000
-7.12483039;5.32303900;5.64287200
-7.08387039;5.32303900;5.64287200
-7.04291039;5.41123700;5.64287200
-7.00195039;5.41123700;5.64287200
-6.96099039;5.41123700;5.46586500
-6.92003039;5.41123700;5.28885700
-6.87907039;5.41123700;5.28885700
-6.83811039;5.41123700;5.11185000
-6.79715039;5.41123700;5.11185000
-6.75619039;5.41123700;4.93423300
-6.71523039;5.41123700;4.93423300
-6.67427039;5.41123700;4.93423300
-6.63331039;5.41123700;4.75722500
-6.59235039;5.49943500;4.75722500
-6.55139039;5.41123700;4.75722500
-6.51043039;5.41123700;4.75722500
-6.46947039;5.41123700;4.58021800
-6.42851039;5.49943500;4.58021800
-6.38755039;5.49943500;4.58021800
-6.34659039;5.49943500;4.58021800
-6.30563040;5.49943500;4.58021800
-6.26467040;5.49943500;4.40260000
-6.22371040;5.49943500;4.58021800
-6.18275040;5.49943500;4.58021800
-6.14179040;5.49943500;4.40260000
-6.10083040;5.49943500;4.58021800
-6.05987040;5.49943500;4.40260000
-6.01891040;5.58763400;4.58021800
-5.97795040;5.49943500;4.58021800
-5.93699040;5.58763400;4.58021800
-5.89603040;5.58763400;4.58021800
-5.85507040;5.58763400;4.75722500
-5.81411040;5.49943500;4.75722500
-5.77315040;5.58763400;4.93423300
-5.73219040;5.58763400;5.11185000
-5.69123040;5.58763400;5.28885700
-5.65027040;5.58763400;5.28885700
-5.60931040;5.58763400;5.64287200
-5.56835040;5.58763400;5.64287200
-5.52739040;5.58763400;5.82049000
-5.48643040;5.58763400;5.99749800
-5.44547040;5.58763400;5.99749800
-5.40451040;5.58763400;6.35212300
-5.36355040;5.58763400;6.52913000
-5.32259040;5.58763400;6.70613700
-5.28163040;5.67583200;6.88314500
-5.24067040;5.58763400;7.06076200
-5.19971040;5.58763400;7.23777000
-5.15875040;5.67583200;7.41477700
-5.11779040;5.67583200;7.76940200
-5.07683040;5.67583200;7.76940200
-5.03587040;5.67583200;8.12402700
-4.99491040;5.67583200;8.12402700
-4.95395040;5.67583200;8.30103500
-4.91299040;5.67583200;8.47804200
-4.87203040;5.67583200;8.47804200
-4.83107040;5.76403100;8.65504900
-4.79011040;5.76403100;8.83266700
-4.74915040;5.76403100;8.83266700
-4.70819040;5.76403100;8.83266700
-4.66723041;5.76403100;8.83266700
-4.62627041;5.76403100;9.00967400
-4.58531041;5.76403100;9.18668200
-4.54435041;5.76403100;9.18668200
-4.50339041;5.76403100;9.18668200
-4.46243041;5.76403100;9.00967400
-4.42147041;5.76403100;9.00967400
-4.38051041;5.85223000;9.00967400
-4.33955041;5.85223000;9.00967400
-4.29859041;5.85223000;9.00967400
-4.25763041;5.85223000;8.83266700
-4.21667041;5.85223000;8.83266700
-4.17571041;5.85223000;8.83266700
-4.13475041;5.76403100;8.65504900
-4.09379041;5.85223000;8.65504900
-4.05283041;5.85223000;8.47804200
-4.01187041;5.85223000;8.47804200
-3.97091041;5.85223000;8.30103500
-3.92995041;5.94042800;8.12402700
-3.88899041;5.85223000;8.12402700
-3.84803041;5.85223000;7.94641000
-3.80707041;5.85223000;7.94641000
-3.76611041;5.94042800;7.76940200
-3.72515041;5.85223000;7.76940200
-3.68419041;5.94042800;7.59239500
-3.64323041;5.94042800;7.41477700
-3.60227041;5.94042800;7.41477700
-3.56131041;5.94042800;7.23777000
-3.52035041;5.94042800;7.06076200
-3.47939041;5.94042800;7.06076200
-3.43843041;5.94042800;7.06076200
-3.39747041;5.94042800;6.88314500
-3.35651041;5.94042800;6.70613700
-3.31555041;5.94042800;6.70613700
-3.27459041;5.94042800;6.70613700
-3.23363041;5.94042800;6.70613700
-3.19267041;5.94042800;6.70613700
-3.15171041;5.94042800;6.52913000
-3.11075041;5.94042800;6.52913000
-3.06979041;5.94042800;6.52913000
-3.02883042;5.94042800;6.52913000
-2.98787042;5.94042800;6.52913000
-2.94691042;5.94042800;6.52913000
-2.90595042;6.02832100;6.52913000
-2.86499042;6.02832100;6.52913000
-2.82403042;6.02832100;6.52913000
-2.78307042;6.02832100;6.52913000
-2.74211042;6.02832100;6.70613700
-2.70115042;6.02832100;6.70613700
-2.66019042;6.02832100;6.70613700
-2.61923042;6.02832100;7.06076200
-2.57827042;6.02832100;7.06076200
-2.53731042;6.02832100;7.23777000
-2.49635042;6.11651900;7.41477700
-2.45539042;6.11651900;7.41477700
-2.41443042;6.11651900;7.76940200
-2.37347042;6.11651900;7.94641000
-2.33251042;6.11651900;8.12402700
-2.29155042;6.11651900;8.30103500
-2.25059042;6.11651900;8.47804200
-2.20963042;6.11651900;8.65504900
-2.16867042;6.20471800;8.83266700
-2.12771042;6.11651900;9.18668200
-2.08675042;6.11651900;9.36430000
-2.04579042;6.20471800;9.54130600
-2.00483042;6.20471800;9.89593200
-1.96387042;6.11651900;10.07294000
-1.92291042;6.20471800;10.24995000
-1.88195042;6.20471800;10.60457000
-1.84099042;6.20471800;10.60457000
-1.80003042;6.20471800;10.95859000
-1.75907042;6.20471800;11.31321000
-1.71811042;6.20471800;11.31321000
-1.67715042;6.20471800;11.49022000
-1.63619042;6.20471800;11.66784000
-1.59523042;6.20471800;11.84484000
-1.55427042;6.29291700;12.02185000
-1.51331042;6.29291700;12.02185000
-1.47235042;6.20471800;12.19886000
-1.43139042;6.29291700;12.37648000
-1.39043043;6.29291700;12.37648000
-1.34947043;6.29291700;12.37648000
-1.30851043;6.29291700;12.37648000
-1.26755043;6.29291700;12.55348000
-1.22659043;6.29291700;12.55348000
-1.18563043;6.29291700;12.55348000
-1.14467043;6.29291700;12.55348000
-1.10371043;6.29291700;12.55348000
-1.06275043;6.29291700;12.55348000
-1.02179043;6.29291700;12.55348000
-0.98083043;6.29291700;12.37648000
-0.93987043;6.29291700;12.37648000
-0.89891043;6.38111500;12.19886000
-0.85795043;6.29291700;12.19886000
-0.81699043;6.29291700;12.02185000
-0.77603043;6.38111500;12.02185000
-0.73507043;6.38111500;12.02185000
-0.69411043;6.38111500;11.84484000
-0.65315043;6.38111500;11.66784000
-0.61219043;6.38111500;11.49022000
-0.57123043;6.38111500;11.49022000
-0.53027043;6.38111500;11.31321000
-0.48931043;6.38111500;11.13620000
-0.44835043;6.38111500;11.13620000
-0.40739043;6.38111500;10.95859000
-0.36643043;6.38111500;10.78158000
-0.32547043;6.46931400;10.78158000
-0.28451043;6.46931400;10.60457000
-0.24355043;6.46931400;10.42695000
-0.20259043;6.46931400;10.24995000
-0.16163043;6.46931400;10.24995000
-0.12067043;6.46931400;10.24995000
-0.07971043;6.46931400;10.07294000
-0.03875043;6.46931400;10.07294000
0.00220957;0.03387555;-0.02624592
0.04316957;0.03387555;-0.02624592
0.08412957;0.03387555;0.15076140
0.12508957;-0.05432295;-0.02624592
0.16604957;-0.05432295;0.15076140
0.20700957;0.03387555;-0.02624592
0.24796956;0.03387555;-0.02624592
0.28892956;0.03387555;0.15076140
0.32988956;0.03387555;0.15076140
0.37084956;-0.05432295;-0.02624592
0.41180956;0.03387555;-0.02624592
0.45276956;0.03387555;-0.02624592
0.49372956;0.03387555;-0.02624592
0.53468956;-0.05432295;-0.02624592
0.57564956;0.03387555;-0.02624592
0.61660956;0.03387555;-0.02624592
0.65756956;0.03387555;-0.02624592
0.69852956;-0.05432295;-0.02624592
0.73948956;0.03387555;-0.02624592
0.78044956;0.03387555;0.15076140
0.82140956;-0.05432295;0.15076140
0.86236956;-0.05432295;-0.02624592
0.90332956;0.03387555;-0.02624592
0.94428956;0.03387555;0.15076140
0.98524956;0.03387555;-0.02624592
1.02620956;-0.05432295;0.15076140
1.06716956;0.03387555;-0.02624592
1.10812956;-0.05432295;-0.02624592
1.14908956;-0.05432295;-0.02624592
1.19004956;-0.05432295;0.15076140
1.23100956;-0.05432295;-0.02624592
1.27196956;-0.05432295;-0.02624592
1.31292956;-0.05432295;-0.02624592
1.35388956;0.03387555;-0.02624592
1.39484956;-0.05432295;-0.02624592
1.43580956;0.03387555;-0.02624592
1.47676956;0.03387555;-0.02624592
1.51772956;0.03387555;0.15076140
1.55868956;-0.05432295;-0.02624592
1.59964956;0.03387555;-0.02624592
1.64060956;-0.05432295;0.15076140
1.68156956;0.03387555;-0.02624592
1.72252956;0.03387555;-0.02624592
1.76348956;0.03387555;-0.02624592
1.80444956;0.03387555;-0.02624592
1.84540956;0.03387555;0.15076140
1.88636955;0.03387555;0.15076140
1.92732955;-0.05432295;-0.02624592
1.96828955;-0.05432295;-0.02624592
2.00924955;0.03387555;-0.02624592
2.05020955;0.12207400;-0.02624592
2.09116955;0.03387555;0.15076140
2.13212955;-0.05432295;-0.02624592
2.17308955;0.03387555;-0.02624592
2.21404955;0.03387555;-0.02624592
2.25500955;0.03387555;-0.02624592
2.29596955;0.03387555;-0.02624592
2.33692955;0.03387555;0.15076140
2.37788955;0.03387555;-0.02624592
2.41884955;0.03387555;-0.02624592
2.45980955;0.03387555;-0.02624592
2.50076955;-0.05432295;-0.02624592
2.54172955;-0.05432295;-0.02624592
2.58268955;0.03387555;-0.02624592
2.62364955;0.03387555;-0.02624592
2.66460955;-0.05432295;-0.02624592
2.70556955;0.03387555;0.15076140
2.74652955;0.03387555;-0.02624592
2.78748955;0.03387555;-0.02624592
2.82844955;0.03387555;0.15076140
2.86940955;-0.05432295;0.15076140
2.91036955;0.03387555;-0.02624592
2.95132955;0.03387555;-0.02624592
2.99228955;-0.05432295;-0.02624592
3.03324955;0.03387555;-0.02624592
3.07420955;-0.05432295;-0.02624592
3.11516955;0.03387555;-0.02624592
3.15612955;0.03387555;-0.02624592
3.19708955;-0.05432295;0.15076140
3.23804955;0.03387555;0.15076140
3.27900955;0.03387555;-0.02624592
3.31996955;0.03387555;-0.02624592
3.36092955;0.03387555;-0.02624592
3.40188955;0.03387555;-0.02624592
3.44284955;0.03387555;-0.02624592
3.48380955;0.03387555;-0.02624592
3.52476955;0.03387555;-0.02624592
3.56572954;0.03387555;-0.02624592
3.60668954;0.03387555;-0.02624592
3.64764954;0.03387555;-0.02624592
3.68860954;0.03387555;-0.02624592
3.72956954;-0.05432295;-0.02624592
3.77052954;0.03387555;-0.02624592
3.81148954;0.03387555;-0.02624592
3.85244954;-0.05432295;-0.02624592
3.89340954;0.03387555;-0.02624592
3.93436954;-0.05432295;-0.02624592
3.97532954;-0.05432295;-0.02624592
4.01628954;0.03387555;-0.02624592
4.05724954;0.03387555;-0.02624592
4.09820954;0.03387555;-0.02624592
4.13916954;0.03387555;-0.02624592
4.18012954;0.03387555;-0.02624592
4.22108954;0.03387555;-0.02624592
4.26204954;0.03387555;0.15076140
4.30300954;0.03387555;-0.02624592
4.34396954;0.03387555;-0.02624592
4.38492954;0.03387555;-0.02624592
4.42588954;0.03387555;-0.02624592
4.46684954;0.03387555;0.15076140
4.50780954;0.03387555;-0.02624592
4.54876954;0.03387555;-0.02624592
4.58972954;0.03387555;0.15076140
4.63068954;0.03387555;0.15076140
4.67164954;0.03387555;-0.02624592
4.71260954;0.03387555;-0.02624592
4.75356954;0.03387555;0.15076140
4.79452954;0.03387555;-0.02624592
4.83548954;0.03387555;-0.02624592
4.87644954;0.03387555;-0.02624592
4.91740954;0.03387555;-0.02624592
4.95836954;0.03387555;0.15076140
4.99932954;-0.05432295;-0.02624592
5.04028954;0.03387555;-0.02624592
5.08124954;-0.05432295;-0.02624592
5.12220954;0.03387555;-0.02624592
5.16316954;0.03387555;-0.02624592
5.20412953;0.03387555;0.15076140
5.24508953;-0.05432295;-0.02624592
5.28604953;-0.05432295;0.15076140
5.32700953;0.03387555;-0.02624592
5.36796953;-0.05432295;0.15076140
5.40892953;0.03387555;-0.02624592
5.44988953;0.03387555;-0.02624592
5.49084953;0.03387555;-0.02624592
5.53180953;0.03387555;-0.02624592
5.57276953;-0.05432295;0.15076140
5.61372953;-0.05432295;-0.02624592
5.65468953;0.03387555;-0.02624592
5.69564953;0.03387555;-0.02624592
5.73660953;-0.05432295;-0.02624592
5.77756953;0.03387555;-0.02624592
5.81852953;-0.05432295;-0.02624592
5.85948953;-0.05432295;-0.02624592
5.90044953;-0.05432295;-0.02624592
5.94140953;-0.05432295;-0.02624592
5.98236953;0.03387555;-0.02624592
6.02332953;0.03387555;-0.02624592
6.06428953;0.03387555;0.15076140
6.10524953;-0.05432295;-0.02624592
6.14620953;-0.05432295;0.15076140
6.18716953;-0.05432295;-0.02624592
6.22812953;0.03387555;-0.02624592
6.26908953;0.03387555;-0.02624592
6.31004953;0.03387555;-0.02624592
6.35100953;0.03387555;-0.02624592
6.39196953;-0.05432295;-0.02624592
6.43292953;0.03387555;0.15076140
6.47388953;-0.05432295;-0.02624592
6.51484953;0.03387555;0.15076140
6.55580953;0.03387555;-0.02624592
6.59676953;0.03387555;-0.02624592
6.63772953;0.03387555;-0.02624592
6.67868953;0.03387555;-0.02624592
6.71964953;0.03387555;-0.02624592
6.76060953;0.03387555;-0.02624592
6.80156953;0.03387555;0.15076140
6.84252952;0.03387555;-0.02624592
6.88348952;-0.05432295;0.15076140
6.92444952;-0.05432295;-0.02624592
6.96540952;-0.05432295;-0.02624592
7.00636952;0.03387555;0.15076140
7.04732952;0.03387555;-0.02624592
7.08828952;0.03387555;-0.02624592
7.12924952;0.03387555;-0.02624592
7.17020952;0.03387555;-0.02624592
7.21116952;0.03387555;-0.02624592
7.25212952;-0.05432295;0.15076140
7.29308952;0.03387555;-0.02624592
7.33404952;0.03387555;-0.02624592
7.37500952;-0.05432295;-0.02624592
7.41596952;0.03387555;-0.02624592
7.45692952;-0.05432295;0.15076140
7.49788952;0.03387555;0.15076140
7.53884952;-0.05432295;-0.02624592
7.57980952;-0.05432295;-0.02624592
7.62076952;0.03387555;-0.02624592
7.66172952;0.03387555;-0.02624592
7.70268952;-0.05432295;-0.02624592
7.74364952;0.03387555;-0.02624592
7.78460952;-0.05432295;-0.02624592
7.82556952;0.03387555;0.15076140
7.86652952;0.03387555;-0.02624592
7.90748952;-0.05432295;-0.02624592
7.94844952;-0.05432295;-0.02624592
7.98940952;0.03387555;-0.02624592
8.03036952;0.03387555;-0.02624592
8.07132952;0.03387555;-0.02624592
8.11228952;0.03387555;-0.02624592
8.15324952;-0.05432295;0.15076140
8.19420952;0.03387555;-0.02624592
8.23516952;0.03387555;-0.02624592
8.27612952;0.03387555;-0.02624592
8.31708952;0.03387555;-0.02624592
8.35804952;-0.05432295;-0.02624592
8.39900952;-0.05432295;0.15076140
8.43996952;0.03387555;-0.02624592
8.48092951;-0.05432295;-0.02624592
8.52188951;-0.05432295;-0.02624592
8.56284951;0.03387555;-0.02624592
8.60380951;0.03387555;-0.02624592
8.64476951;-0.05432295;-0.02624592
8.68572951;0.03387555;0.15076140
8.72668951;-0.05432295;-0.02624592
8.76764951;0.03387555;0.15076140
8.80860951;0.03387555;-0.02624592
8.84956951;0.03387555;-0.02624592
8.89052951;0.03387555;-0.02624592
8.93148951;-0.05432295;-0.02624592
8.97244951;0.03387555;-0.02624592
9.01340951;0.03387555;-0.02624592
9.05436951;0.03387555;-0.02624592
9.09532951;-0.05432295;-0.02624592
9.13628951;0.03387555;0.15076140
9.17724951;-0.05432295;0.15076140
9.21820951;0.03387555;-0.02624592
9.25916951;-0.05432295;-0.02624592
9.30012951;0.03387555;0.15076140
9.34108951;-0.05432295;-0.02624592
9.38204951;0.03387555;-0.02624592
9.42300951;0.03387555;0.15076140
9.46396951;0.03387555;-0.02624592
9.50492951;0.03387555;-0.02624592
9.54588951;0.03387555;-0.02624592
9.58684951;0.03387555;-0.02624592
9.62780951;0.03387555;0.15076140
9.66876951;0.03387555;-0.02624592
9.70972951;-0.05432295;-0.02624592
9.75068951;0.03387555;0.15076140
9.79164951;0.03387555;-0.02624592
9.83260951;0.03387555;-0.02624592
9.87356951;-0.05432295;0.15076140
9.91452951;0.03387555;-0.02624592
9.95548951;-0.05432295;0.15076140
9.99644951;0.12207400;-0.02624592
10.03740951;0.12207400;-0.20325330
10.07836951;0.03387555;-0.02624592
10.11932950;0.12207400;-0.20325330
10.16028950;0.12207400;-0.02624592
10.20124950;0.12207400;-0.02624592
10.24220950;0.12207400;-0.02624592
10.28316950;0.12207400;-0.02624592
10.32412950;0.12207400;-0.02624592
10.36508950;0.12207400;-0.02624592
10.40604950;0.21027250;-0.02624592
10.44700950;0.21027250;-0.02624592
10.48796950;0.21027250;-0.02624592
10.52892950;0.21027250;-0.02624592
10.56988950;0.21027250;-0.02624592
10.61084950;0.21027250;-0.02624592
10.65180950;0.21027250;-0.02624592
10.69276950;0.21027250;-0.02624592
10.73372950;0.21027250;-0.02624592
10.77468950;0.21027250;-0.02624592
10.81564950;0.21027250;-0.02624592
10.85660950;0.21027250;-0.02624592
10.89756950;0.29816580;-0.02624592
10.93852950;0.29816580;-0.02624592
10.97948950;0.21027250;-0.02624592
11.02044950;0.29816580;-0.02624592
11.06140950;0.29816580;-0.02624592
11.10236950;0.21027250;-0.02624592
11.14332950;0.29816580;-0.02624592
11.18428950;0.29816580;-0.02624592
11.22524950;0.29816580;-0.02624592
11.26620950;0.29816580;-0.02624592
11.30716950;0.29816580;-0.02624592
11.34812950;0.29816580;-0.02624592
11.38908950;0.29816580;-0.02624592
11.43004950;0.29816580;-0.02624592
11.47100950;0.29816580;-0.02624592
11.51196950;0.29816580;-0.02624592
11.55292950;0.29816580;-0.02624592
11.59388950;0.29816580;-0.02624592
11.63484950;0.38605910;-0.02624592
11.67580950;0.29816580;-0.02624592
11.71676950;0.29816580;-0.02624592
11.75772950;0.38605910;-0.02624592
11.79868949;0.38605910;-0.02624592
11.83964949;0.29816580;-0.02624592
11.88060949;0.38605910;-0.02624592
11.92156949;0.38605910;-0.02624592
11.96252949;0.38605910;-0.02624592
12.00348949;0.38605910;-0.02624592
12.04444949;0.38605910;-0.02624592
12.08540949;0.38605910;-0.02624592
12.12636949;0.38605910;-0.02624592
12.16732949;0.38605910;-0.02624592
12.20828949;0.47425760;-0.02624592
12.24924949;0.47425760;-0.02624592
12.29020949;0.47425760;-0.02624592
12.33116949;0.47425760;-0.02624592
12.37212949;0.47425760;-0.02624592
12.41308949;0.47425760;-0.02624592
12.45404949;0.47425760;-0.02624592
12.49500949;0.47425760;-0.02624592
12.53596949;0.47425760;-0.02624592
12.57692949;0.47425760;-0.02624592
12.61788949;0.56245610;-0.02624592
12.65884949;0.56245610;-0.02624592
12.69980949;0.47425760;-0.02624592
12.74076949;0.56245610;-0.02624592
12.78172949;0.56245610;-0.02624592
12.82268949;0.56245610;-0.02624592
12.86364949;0.56245610;-0.02624592
12.90460949;0.56245610;-0.02624592
12.94556949;0.47425760;-0.02624592
12.98652949;0.56245610;-0.02624592
13.02748949;0.56245610;-0.02624592
13.06844949;0.56245610;-0.02624592
13.10940949;0.56245610;-0.02624592
13.15036949;0.56245610;-0.02624592
13.19132949;0.65065460;-0.02624592
13.23228949;0.65065460;0.15076140
13.27324949;0.65065460;-0.02624592
13.31420949;0.56245610;-0.02624592
13.35516949;0.65065460;-0.02624592
13.39612949;0.65065460;-0.02624592
13.43708948;0.65065460;0.15076140
13.47804948;0.65065460;-0.02624592
13.51900948;0.65065460;-0.02624592
13.55996948;0.65065460;-0.02624592
13.60092948;0.65065460;0.15076140
13.64188948;0.65065460;-0.02624592
13.68284948;0.65065460;0.15076140
13.72380948;0.65065460;-0.02624592
13.76476948;0.65065460;-0.02624592
13.80572948;0.65065460;-0.02624592
13.84668948;0.65065460;0.15076140
13.88764948;0.65065460;-0.02624592
13.92860948;0.65065460;-0.02624592
13.96956948;0.65065460;-0.02624592
14.01052948;0.73885310;-0.02624592
14.05148948;0.65065460;-0.02624592
14.09244948;0.65065460;-0.02624592
14.13340948;0.73885310;-0.02624592
14.17436948;0.73885310;-0.02624592
14.21532948;0.73885310;-0.02624592
14.25628948;0.73885310;0.15076140
14.29724948;0.73885310;-0.02624592
14.33820948;0.73885310;-0.02624592
14.37916948;0.73885310;-0.02624592
14.42012948;0.82705160;-0.02624592
14.46108948;0.82705160;0.15076140
14.50204948;0.82705160;0.15076140
14.54300948;0.82705160;-0.02624592
14.58396948;0.82705160;-0.02624592
14.62492948;0.82705160;-0.02624592
14.66588948;0.82705160;-0.02624592
14.70684948;0.82705160;0.15076140
14.74780948;0.82705160;-0.02624592
14.78876948;0.82705160;-0.02624592
14.82972948;0.82705160;-0.02624592
14.87068948;0.82705160;-0.02624592
14.91164948;0.82705160;-0.02624592
14.95260948;0.82705160;-0.02624592
14.99356948;0.91525010;0.15076140
15.03452948;0.91525010;0.15076140
15.07548947;0.82705160;-0.02624592
15.11644947;1.00344900;-0.02624592
15.15740947;0.91525010;-0.02624592
15.19836947;0.91525010;-0.02624592
15.23932947;0.91525010;-0.02624592
15.28028947;0.91525010;-0.02624592
15.32124947;0.91525010;0.15076140
15.36220947;1.00344900;-0.02624592
15.40316947;1.00344900;0.15076140
15.44412947;1.00344900;-0.02624592
15.48508947;1.00344900;-0.02624592
15.52604947;1.00344900;-0.02624592
15.56700947;1.00344900;-0.02624592
15.60796947;1.00344900;-0.02624592
15.64892947;1.00344900;0.15076140
15.68988947;1.00344900;0.15076140
15.73084947;1.00344900;-0.02624592
15.77180947;1.00344900;-0.02624592
15.81276947;1.00344900;0.15076140
15.85372947;1.00344900;0.15076140
15.89468947;1.00344900;0.15076140
15.93564947;1.00344900;-0.02624592
15.97660947;1.00344900;-0.02624592
16.01756947;1.00344900;-0.02624592
16.05852947;1.00344900;-0.02624592
16.09948947;1.00344900;-0.02624592
16.14044947;1.09134200;-0.02624592
16.18140947;1.09134200;-0.02624592
16.22236947;1.09134200;-0.02624592
16.26332947;1.17954000;-0.02624592
16.30428947;1.09134200;0.15076140
16.34524947;1.09134200;0.15076140
16.38620947;1.09134200;-0.02624592
16.42716947;1.09134200;-0.02624592
16.46812947;1.17954000;-0.02624592
16.50908947;1.17954000;-0.02624592
16.55004947;1.17954000;-0.02624592
16.59100947;1.17954000;0.15076140
16.63196947;1.17954000;0.15076140
16.67292947;1.17954000;-0.02624592
16.71388946;1.17954000;-0.02624592
16.75484946;1.17954000;0.15076140
16.79580946;1.17954000;0.15076140
16.83676946;1.17954000;0.15076140
16.87772946;1.17954000;0.15076140
16.91868946;1.26773900;0.15076140
16.95964946;1.26773900;0.15076140
17.00060946;1.26773900;0.15076140
17.04156946;1.26773900;0.15076140
17.08252946;1.26773900;0.15076140
17.12348946;1.26773900;0.15076140
17.16444946;1.26773900;0.15076140
17.20540946;1.26773900;0.15076140
17.24636946;1.26773900;0.15076140
17.28732946;1.26773900;0.15076140
17.32828946;1.26773900;0.15076140
17.36924946;1.26773900;0.32776880
17.41020946;1.35593700;0.15076140
17.45116946;1.26773900;0.15076140
17.49212946;1.26773900;0.15076140
17.53308946;1.26773900;0.15076140
17.57404946;1.35593700;0.15076140
17.61500946;1.35593700;0.15076140
17.65596946;1.35593700;0.15076140
17.69692946;1.35593700;0.15076140
17.73788946;1.35593700;0.32776880
17.77884946;1.35593700;0.15076140
17.81980946;1.35593700;0.32776880
17.86076946;1.35593700;0.15076140
17.90172946;1.35593700;0.15076140
17.94268946;1.35593700;0.32776880
17.98364946;1.35593700;0.15076140
18.02460946;1.35593700;0.15076140
18.06556946;1.35593700;0.15076140
18.10652946;1.35593700;0.15076140
18.14748946;1.35593700;0.15076140
18.18844946;1.35593700;0.15076140
18.22940946;1.44413600;0.15076140
18.27036946;1.35593700;0.15076140
18.31132946;1.35593700;0.15076140
18.35228945;1.44413600;0.15076140
18.39324945;1.44413600;0.32776880
18.43420945;1.44413600;0.15076140
18.47516945;1.44413600;0.15076140
18.51612945;1.44413600;0.15076140
18.55708945;1.44413600;0.15076140
18.59804945;1.44413600;0.15076140
18.63900945;1.44413600;0.15076140
18.67996945;1.44413600;0.15076140
18.72092945;1.53233400;0.15076140
18.76188945;1.44413600;0.15076140
18.80284945;1.53233400;0.15076140
18.84380945;1.53233400;0.15076140
18.88476945;1.53233400;0.15076140
18.92572945;1.53233400;0.15076140
18.96668945;1.53233400;0.15076140
19.00764945;1.53233400;0.15076140
19.04860945;1.53233400;0.15076140
19.08956945;1.62053300;0.15076140
19.13052945;1.62053300;0.15076140
19.17148945;1.62053300;0.15076140
19.21244945;1.62053300;0.15076140
19.25340945;1.53233400;0.15076140
19.29436945;1.62053300;0.15076140
19.33532945;1.62053300;0.15076140
19.37628945;1.62053300;0.15076140
19.41724945;1.62053300;0.15076140
19.45820945;1.62053300;0.15076140
19.49916945;1.62053300;0.15076140
19.54012945;1.62053300;0.15076140
19.58108945;1.62053300;0.15076140
19.62204945;1.62053300;0.15076140
19.66300945;1.70873100;0.15076140
19.70396945;1.62053300;0.15076140
19.74492945;1.62053300;0.15076140
19.78588945;1.62053300;0.15076140
19.82684945;1.62053300;0.15076140
19.86780945;1.70873100;0.15076140
19.90876945;1.70873100;0.15076140
19.94972945;1.70873100;0.15076140
19.99068944;1.70873100;0.15076140
20.03164944;1.70873100;0.15076140
20.07260944;1.70873100;-0.02624592
20.11356944;1.70873100;-0.02624592
20.15452944;1.70873100;0.15076140
20.19548944;1.70873100;0.15076140
20.23644944;1.70873100;0.15076140
20.27740944;1.70873100;0.15076140
20.31836944;1.70873100;0.15076140
20.35932944;1.79662500;-0.02624592
20.40028944;1.70873100;0.15076140
20.44124944;1.70873100;0.15076140
20.48220944;1.79662500;0.15076140
20.52316944;1.70873100;-0.02624592
20.56412944;1.70873100;0.15076140
20.60508944;1.79662500;-0.02624592
20.64604944;1.79662500;0.15076140
20.68700944;1.79662500;0.15076140
20.72796944;1.79662500;0.15076140
20.76892944;1.79662500;-0.02624592
20.80988944;1.79662500;-0.02624592
20.85084944;1.79662500;-0.02624592
20.89180944;1.88482300;-0.02624592
20.93276944;1.88482300;-0.02624592
20.97372944;1.88482300;-0.02624592
21.01468944;1.79662500;-0.02624592
21.05564944;1.88482300;0.15076140
21.09660944;1.88482300;0.15076140
21.13756944;1.88482300;-0.02624592
21.17852944;1.88482300;-0.02624592
21.21948944;1.88482300;-0.02624592
21.26044944;1.88482300;-0.02624592
21.30140944;1.88482300;-0.02624592
21.34236944;1.88482300;-0.02624592
21.38332944;1.88482300;0.15076140
21.42428944;1.97302200;-0.02624592
21.46524944;1.97302200;-0.02624592
21.50620944;1.97302200;0.15076140
21.54716944;1.97302200;-0.02624592
21.58812944;1.97302200;-0.02624592
21.62908944;1.97302200;-0.02624592
21.67004943;1.97302200;-0.02624592
21.71100943;1.97302200;-0.02624592
21.75196943;1.97302200;0.15076140
21.79292943;1.97302200;-0.02624592
21.83388943;1.97302200;-0.02624592
21.87484943;1.97302200;-0.02624592
21.91580943;2.06122000;-0.02624592
21.95676943;1.97302200;0.15076140
21.99772943;1.97302200;-0.02624592
22.03868943;2.06122000;-0.02624592
22.07964943;2.06122000;-0.02624592
22.12060943;2.06122000;-0.02624592
22.16156943;2.06122000;-0.02624592
22.20252943;2.06122000;-0.02624592
22.24348943;2.06122000;-0.02624592
22.28444943;2.06122000;-0.02624592
22.32540943;2.06122000;0.15076140
22.36636943;2.06122000;-0.02624592
22.40732943;2.06122000;-0.02624592
22.44828943;2.06122000;-0.02624592
22.48924943;2.06122000;-0.02624592
22.53020943;2.06122000;-0.02624592
22.57116943;2.06122000;-0.02624592
22.61212943;2.06122000;-0.02624592
22.65308943;2.14941900;-0.02624592
22.69404943;2.06122000;-0.02624592
22.73500943;2.06122000;-0.02624592
22.77596943;2.14941900;-0.02624592
22.81692943;2.14941900;-0.02624592
22.85788943;2.14941900;-0.02624592
22.89884943;2.14941900;0.15076140
22.93980943;2.14941900;-0.02624592
22.98076943;2.14941900;-0.02624592
23.02172943;2.14941900;-0.02624592
23.06268943;2.14941900;-0.02624592
23.10364943;2.14941900;-0.02624592
23.14460943;2.23761700;0.15076140
23.18556943;2.23761700;-0.02624592
23.22652943;2.14941900;0.15076140
23.26748943;2.23761700;-0.02624592
23.30844942;2.23761700;0.15076140
23.34940942;2.23761700;0.15076140
23.39036942;2.23761700;0.15076140
23.43132942;2.23761700;-0.02624592
23.47228942;2.23761700;-0.02624592
23.51324942;2.23761700;0.15076140
23.55420942;2.23761700;-0.02624592
23.59516942;2.23761700;-0.02624592
23.63612942;2.23761700;0.15076140
23.67708942;2.32581600;0.15076140
23.71804942;2.32581600;0.15076140
23.75900942;2.32581600;0.15076140
23.79996942;2.23761700;0.15076140
23.84092942;2.32581600;0.15076140
23.88188942;2.32581600;-0.02624592
23.92284942;2.32581600;0.15076140
23.96380942;2.32581600;0.15076140
24.00476942;2.32581600;-0.02624592
24.04572942;2.32581600;-0.02624592
24.08668942;2.32581600;-0.02624592
24.12764942;2.32581600;-0.02624592
24.16860942;2.32581600;-0.02624592
24.20956942;2.32581600;-0.02624592
24.25052942;2.32581600;-0.02624592
24.29148942;2.41401400;0.15076140
24.33244942;2.41401400;-0.02624592
24.37340942;2.32581600;0.15076140
24.41436942;2.41401400;-0.02624592
24.45532942;2.41401400;0.15076140
24.49628942;2.41401400;0.15076140
24.53724942;2.41401400;-0.02624592
24.57820942;2.41401400;-0.02624592
24.61916942;2.41401400;0.15076140
24.66012942;2.41401400;0.15076140
24.70108942;2.41401400;-0.02624592
24.74204942;2.41401400;-0.02624592
24.78300942;2.41401400;0.15076140
24.82396942;2.41401400;0.15076140
24.86492942;2.41401400;-0.02624592
24.90588942;2.41401400;-0.02624592
24.94684941;2.41401400;0.15076140
24.98780941;2.41401400;0.15076140
25.02876941;2.50190700;-0.02624592
25.06972941;2.50190700;-0.02624592
25.11068941;2.50190700;-0.02624592
25.15164941;2.50190700;-0.02624592
25.19260941;2.59010600;0.15076140
25.23356941;2.59010600;-0.02624592
25.27452941;2.50190700;-0.02624592
25.31548941;2.59010600;0.15076140
25.35644941;2.59010600;0.15076140
25.39740941;2.59010600;0.15076140
25.43836941;2.59010600;0.15076140
25.47932941;2.59010600;0.15076140
25.52028941;2.59010600;0.15076140
25.56124941;2.59010600;0.15076140
25.60220941;2.59010600;0.15076140
25.64316941;2.59010600;0.15076140
25.68412941;2.59010600;0.15076140
25.72508941;2.59010600;0.15076140
25.76604941;2.67830400;0.15076140
25.80700941;2.67830400;0.15076140
25.84796941;2.67830400;0.15076140
25.88892941;2.67830400;0.15076140
25.92988941;2.67830400;0.32776880
25.97084941;2.67830400;0.32776880
26.01180941;2.67830400;0.32776880
26.05276941;2.67830400;0.32776880
26.09372941;2.67830400;0.32776880
26.13468941;2.67830400;0.32776880
26.17564941;2.67830400;0.32776880
26.21660941;2.67830400;0.32776880
26.25756941;2.76650300;0.32776880
26.29852941;2.76650300;0.32776880
26.33948941;2.76650300;0.32776880
26.38044941;2.76650300;0.32776880
26.42140941;2.76650300;0.32776880
26.46236941;2.76650300;0.32776880
26.50332941;2.76650300;0.50477610
26.54428941;2.76650300;0.32776880
26.58524940;2.76650300;0.32776880
26.62620940;2.76650300;0.32776880
26.66716940;2.76650300;0.32776880
26.70812940;2.76650300;0.32776880
26.74908940;2.76650300;0.32776880
26.79004940;2.76650300;0.32776880
26.83100940;2.76650300;0.32776880
26.87196940;2.76650300;0.32776880
26.91292940;2.76650300;0.32776880
26.95388940;2.76650300;0.32776880
26.99484940;2.76650300;0.32776880
27.03580940;2.76650300;0.32776880
27.07676940;2.76650300;0.32776880
27.11772940;2.85470100;0.32776880
27.15868940;2.85470100;0.32776880
27.19964940;2.76650300;0.32776880
27.24060940;2.85470100;0.15076140
27.28156940;2.76650300;0.32776880
27.32252940;2.85470100;0.32776880
27.36348940;2.94290000;0.15076140
27.40444940;2.85470100;0.15076140
27.44540940;2.94290000;0.32776880
27.48636940;2.94290000;0.32776880
27.52732940;2.85470100;0.32776880
27.56828940;2.94290000;0.15076140
27.60924940;2.94290000;0.15076140
27.65020940;2.94290000;0.15076140
27.69116940;2.94290000;0.15076140
27.73212940;2.94290000;0.32776880
27.77308940;3.03109800;0.15076140
27.81404940;2.94290000;0.15076140
27.85500940;2.94290000;0.15076140
27.89596940;2.94290000;0.15076140
27.93692940;2.94290000;0.15076140
27.97788940;3.03109800;0.15076140
28.01884940;3.03109800;0.15076140
28.05980940;3.03109800;0.15076140
28.10076940;2.94290000;0.32776880
28.14172940;2.94290000;0.15076140
28.18268940;3.03109800;0.32776880
28.22364939;3.03109800;0.32776880
28.26460939;3.03109800;0.32776880
28.30556939;3.03109800;0.32776880
28.34652939;3.03109800;0.32776880
28.38748939;3.03109800;0.32776880
28.42844939;3.03109800;0.32776880
28.46940939;3.03109800;0.32776880
28.51036939;3.11929700;0.32776880
28.55132939;3.11929700;0.32776880
28.59228939;3.11929700;0.32776880
28.63324939;3.11929700;0.32776880
28.67420939;3.11929700;0.32776880
28.71516939;3.11929700;0.32776880
28.75612939;3.11929700;0.32776880
28.79708939;3.11929700;0.32776880
28.83804939;3.11929700;0.32776880
28.87900939;3.11929700;0.50477610
28.91996939;3.11929700;0.50477610
28.96092939;3.11929700;0.68178350
29.00188939;3.11929700;0.68178350
29.04284939;3.11929700;0.68178350
29.08380939;3.11929700;0.68178350
29.12476939;3.11929700;0.68178350
29.16572939;3.11929700;0.85879090
29.20668939;3.11929700;0.85879090
29.24764939;3.11929700;0.85879090
29.28860939;3.11929700;0.85879090
29.32956939;3.20719000;0.85879090
29.37052939;3.11929700;0.85879090
29.41148939;3.20719000;0.85879090
29.45244939;3.20719000;1.03640900
29.49340939;3.20719000;1.03640900
29.53436939;3.11929700;1.03640900
29.57532939;3.20719000;1.03640900
29.61628939;3.20719000;1.03640900
29.65724939;3.20719000;1.03640900
29.69820939;3.20719000;1.03640900
29.73916939;3.29538900;1.03640900
29.78012939;3.29538900;1.03640900
29.82108939;3.20719000;1.03640900
29.86204938;3.29538900;1.03640900
29.90300938;3.29538900;1.03640900
29.94396938;3.29538900;0.85879090
29.98492938;3.29538900;1.03640900
30.02588938;3.29538900;0.85879090
30.06684938;3.38358700;1.03640900
30.10780938;3.29538900;0.85879090
30.14876938;3.38358700;1.03640900
30.18972938;3.29538900;0.85879090
30.23068938;3.38358700;0.85879090
30.27164938;3.38358700;0.68178350
30.31260938;3.38358700;0.85879090
30.35356938;3.29538900;0.85879090
30.39452938;3.38358700;0.85879090
30.43548938;3.29538900;0.68178350
30.47644938;3.38358700;0.68178350
30.51740938;3.38358700;0.68178350
30.55836938;3.38358700;0.85879090
30.59932938;3.38358700;0.68178350
30.64028938;3.38358700;0.68178350
30.68124938;3.38358700;0.85879090
30.72220938;3.47178600;0.68178350
30.76316938;3.47178600;0.68178350
30.80412938;3.47178600;0.68178350
30.84508938;3.47178600;0.68178350
30.88604938;3.47178600;0.68178350
30.92700938;3.47178600;0.68178350
30.96796938;3.47178600;0.85879090
31.00892938;3.47178600;0.68178350
31.04988938;3.47178600;0.68178350
31.09084938;3.47178600;0.68178350
31.13180938;3.47178600;0.85879090
31.17276938;3.47178600;0.68178350
31.21372938;3.47178600;0.68178350
31.25468938;3.47178600;0.85879090
31.29564938;3.47178600;0.85879090
31.33660938;3.47178600;0.68178350
31.37756938;3.47178600;0.85879090
31.41852938;3.47178600;0.85879090
31.45948938;3.47178600;0.85879090
31.50044938;3.47178600;0.85879090
31.54140937;3.47178600;0.85879090
31.58236937;3.55998400;0.85879090
31.62332937;3.47178600;0.85879090
31.66428937;3.55998400;0.85879090
31.70524937;3.55998400;0.85879090
31.74620937;3.55998400;1.03640900
31.78716937;3.55998400;1.03640900
31.82812937;3.55998400;1.03640900
31.86908937;3.55998400;1.03640900
31.91004937;3.55998400;1.21341600
31.95100937;3.55998400;1.21341600
31.99196937;3.64818300;1.21341600
32.03292937;3.64818300;1.39042300
32.07388937;3.64818300;1.39042300
32.11484937;3.64818300;1.56804100
32.15580937;3.64818300;1.56804100
32.19676937;3.64818300;1.74504800
32.23772937;3.64818300;1.74504800
32.27868937;3.64818300;1.74504800
32.31964937;3.64818300;1.74504800
32.36060937;3.64818300;1.92205600
32.40156937;3.64818300;1.92205600
32.44252937;3.64818300;2.09906300
32.48348937;3.73638100;2.09906300
32.52444937;3.64818300;2.09906300
32.56540937;3.73638100;2.09906300
32.60636937;3.64818300;2.09906300
32.64732937;3.64818300;2.09906300
32.68828937;3.73638100;2.09906300
32.72924937;3.73638100;2.09906300
32.77020937;3.73638100;2.09906300
32.81116937;3.73638100;2.09906300
32.85212937;3.73638100;2.09906300
32.89308937;3.73638100;2.09906300
32.93404937;3.73638100;2.09906300
32.97500937;3.73638100;2.09906300
33.01596937;3.73638100;2.09906300
33.05692937;3.73638100;2.09906300
33.09788937;3.73638100;1.92205600
33.13884937;3.73638100;1.92205600
33.17980936;3.73638100;1.74504800
33.22076936;3.82458000;1.74504800
33.26172936;3.82458000;1.74504800
33.30268936;3.82458000;1.74504800
33.34364936;3.82458000;1.74504800
33.38460936;3.82458000;1.74504800
33.42556936;3.82458000;1.74504800
33.46652936;3.82458000;1.74504800
33.50748936;3.82458000;1.56804100
33.54844936;3.82458000;1.56804100
33.58940936;3.82458000;1.56804100
33.63036936;3.82458000;1.56804100
33.67132936;3.82458000;1.39042300
33.71228936;3.82458000;1.39042300
33.75324936;3.82458000;1.39042300
33.79420936;3.82458000;1.39042300
33.83516936;3.82458000;1.39042300
33.87612936;3.91247300;1.39042300
33.91708936;3.91247300;1.39042300
33.95804936;3.91247300;1.39042300
33.99900936;3.91247300;1.39042300
34.03996936;3.91247300;1.39042300
34.08092936;3.91247300;1.39042300
34.12188936;3.91247300;1.39042300
34.16284936;4.00067100;1.39042300
34.20380936;3.91247300;1.39042300
34.24476936;4.00067100;1.39042300
34.28572936;4.00067100;1.39042300
34.32668936;4.00067100;1.39042300
34.36764936;4.00067100;1.39042300
34.40860936;4.00067100;1.39042300
34.44956936;4.00067100;1.39042300
34.49052936;4.00067100;1.39042300
34.53148936;4.00067100;1.39042300
34.57244936;4.00067100;1.39042300
34.61340936;4.08887000;1.39042300
34.65436936;4.00067100;1.56804100
34.69532936;4.08887000;1.56804100
34.73628936;4.08887000;1.56804100
34.77724936;4.08887000;1.56804100
34.81820935;4.08887000;1.74504800
34.85916935;4.08887000;1.74504800
34.90012935;4.08887000;1.74504800
34.94108935;4.08887000;1.74504800
34.98204935;4.08887000;1.92205600
35.02300935;4.08887000;2.09906300
35.06396935;4.08887000;2.09906300
35.10492935;4.08887000;2.27668100
35.14588935;4.08887000;2.27668100
35.18684935;4.08887000;2.45368800
35.22780935;4.17706800;2.45368800
35.26876935;4.17706800;2.63069600
35.30972935;4.17706800;2.80831300
35.35068935;4.17706800;2.80831300
35.39164935;4.17706800;2.80831300
35.43260935;4.17706800;2.98532100
35.47356935;4.17706800;2.98532100
35.51452935;4.17706800;3.16232800
35.55548935;4.17706800;3.16232800
35.59644935;4.17706800;3.16232800
35.63740935;4.17706800;3.16232800
35.67836935;4.17706800;3.16232800
35.71932935;4.17706800;3.33994600
35.76028935;4.17706800;3.33994600
35.80124935;4.17706800;3.33994600
35.84220935;4.17706800;3.33994600
35.88316935;4.17706800;3.51695300
35.92412935;4.17706800;3.33994600
35.96508935;4.17706800;3.33994600
36.00604935;4.26526700;3.33994600
36.04700935;4.26526700;3.33994600
36.08796935;4.26526700;3.33994600
36.12892935;4.26526700;3.16232800
36.16988935;4.26526700;3.16232800
36.21084935;4.26526700;3.16232800
36.25180935;4.35346600;3.16232800
36.29276935;4.26526700;3.16232800
36.33372935;4.35346600;2.98532100
36.37468935;4.26526700;2.98532100
36.41564935;4.26526700;2.80831300
36.45660934;4.26526700;2.80831300
36.49756934;4.35346600;2.80831300
36.53852934;4.35346600;2.80831300
36.57948934;4.35346600;2.63069600
36.62044934;4.35346600;2.63069600
36.66140934;4.35346600;2.63069600
36.70236934;4.35346600;2.45368800
36.74332934;4.35346600;2.45368800
36.78428934;4.35346600;2.45368800
36.82524934;4.35346600;2.45368800
36.86620934;4.44166400;2.45368800
36.90716934;4.35346600;2.45368800
36.94812934;4.44166400;2.45368800
36.98908934;4.35346600;2.45368800
37.03004934;4.44166400;2.45368800
37.07100934;4.44166400;2.27668100
37.11196934;4.44166400;2.27668100
37.15292934;4.44166400;2.45368800
37.19388934;4.44166400;2.27668100
37.23484934;4.44166400;2.27668100
37.27580934;4.44166400;2.27668100
37.31676934;4.44166400;2.27668100
37.35772934;4.44166400;2.27668100
37.39868934;4.44166400;2.27668100
37.43964934;4.52986200;2.27668100
37.48060934;4.44166400;2.27668100
37.52156934;4.44166400;2.27668100
37.56252934;4.52986200;2.27668100
37.60348934;4.52986200;2.27668100
37.64444934;4.52986200;2.27668100
37.68540934;4.52986200;2.45368800
37.72636934;4.52986200;2.45368800
37.76732934;4.52986200;2.45368800
37.80828934;4.52986200;2.45368800
37.84924934;4.52986200;2.45368800
37.89020934;4.52986200;2.45368800
37.93116934;4.52986200;2.63069600
37.97212934;4.52986200;2.63069600
38.01308934;4.52986200;2.80831300
38.05404934;4.52986200;2.98532100
38.09500933;4.52986200;2.98532100
38.13596933;4.61775600;3.16232800
38.17692933;4.61775600;3.16232800
38.21788933;4.61775600;3.33994600
38.25884933;4.61775600;3.51695300
38.29980933;4.61775600;3.69396000
38.34076933;4.61775600;3.69396000
38.38172933;4.61775600;3.87096800
38.42268933;4.61775600;3.87096800
38.46364933;4.61775600;4.04858500
38.50460933;4.61775600;4.22559300
38.54556933;4.61775600;4.22559300
38.58652933;4.70595400;4.40260000
38.62748933;4.61775600;4.58021800
38.66844933;4.70595400;4.58021800
38.70940933;4.70595400;4.58021800
38.75036933;4.70595400;4.75722500
38.79132933;4.70595400;4.75722500
38.83228933;4.70595400;4.93423300
38.87324933;4.70595400;4.93423300
38.91420933;4.70595400;4.93423300
38.95516933;4.70595400;4.93423300
38.99612933;4.70595400;5.11185000
39.03708933;4.70595400;4.93423300
39.07804933;4.70595400;4.93423300
39.11900933;4.79415300;4.93423300
39.15996933;4.79415300;4.93423300
39.20092933;4.79415300;4.93423300
39.24188933;4.79415300;4.93423300
39.28284933;4.79415300;4.93423300
39.32380933;4.79415300;4.93423300
39.36476933;4.79415300;4.75722500
39.40572933;4.79415300;4.75722500
39.44668933;4.79415300;4.58021800
39.48764933;4.79415300;4.58021800
39.52860933;4.79415300;4.40260000
39.56956933;4.88235100;4.40260000
39.61052933;4.88235100;4.22559300
39.65148933;4.88235100;4.22559300
39.69244933;4.88235100;4.22559300
39.73340932;4.79415300;4.04858500
39.77436932;4.88235100;3.87096800
39.81532932;4.88235100;3.87096800
39.85628932;4.88235100;3.87096800
39.89724932;4.88235100;3.69396000
39.93820932;4.88235100;3.69396000
39.97916932;4.88235100;3.51695300
40.02012932;4.88235100;3.51695300
40.06108932;4.88235100;3.51695300
40.10204932;4.88235100;3.51695300
40.14300932;4.88235100;3.51695300
40.18396932;4.88235100;3.33994600
40.22492932;4.88235100;3.33994600
40.26588932;4.88235100;3.16232800
40.30684932;4.88235100;3.33994600
40.34780932;4.88235100;3.16232800
40.38876932;4.88235100;3.16232800
40.42972932;4.88235100;3.16232800
40.47068932;4.97055000;3.16232800
40.51164932;4.97055000;3.16232800
40.55260932;4.97055000;3.16232800
40.59356932;4.97055000;3.16232800
40.63452932;4.97055000;3.16232800
40.67548932;4.97055000;3.16232800
40.71644932;5.05874800;3.16232800
40.75740932;4.97055000;3.16232800
40.79836932;5.05874800;3.16232800
40.83932932;5.05874800;3.16232800
40.88028932;5.05874800;3.16232800
40.92124932;5.05874800;3.33994600
40.96220932;5.05874800;3.33994600
41.00316932;5.05874800;3.51695300
41.04412932;5.05874800;3.51695300
41.08508932;5.05874800;3.51695300
41.12604932;5.05874800;3.69396000
41.16700932;5.05874800;3.87096800
41.20796932;5.05874800;3.87096800
41.24892932;5.05874800;4.04858500
41.28988932;5.05874800;4.22559300
41.33084932;5.14694600;4.22559300
41.37180932;5.14694600;4.58021800
41.41276931;5.05874800;4.58021800
41.45372931;5.14694600;4.75722500
41.49468931;5.14694600;4.93423300
41.53564931;5.14694600;5.11185000
41.57660931;5.14694600;5.28885700
41.61756931;5.14694600;5.46586500
41.65852931;5.14694600;5.64287200
41.69948931;5.14694600;5.64287200
41.74044931;5.14694600;5.82049000
41.78140931;5.14694600;5.99749800
41.82236931;5.14694600;5.99749800
41.86332931;5.23514500;6.17450500
41.90428931;5.23514500;6.35212300
41.94524931;5.23514500;6.35212300
41.98620931;5.23514500;6.52913000
42.02716931;5.23514500;6.52913000
42.06812931;5.23514500;6.52913000
42.10908931;5.23514500;6.70613700
42.15004931;5.23514500;6.70613700
42.19100931;5.23514500;6.70613700
42.23196931;5.23514500;6.70613700
42.27292931;5.23514500;6.70613700
42.31388931;5.23514500;6.70613700
42.35484931;5.23514500;6.70613700
42.39580931;5.23514500;6.52913000
42.43676931;5.23514500;6.52913000
42.47772931;5.23514500;6.52913000
42.51868931;5.23514500;6.35212300
42.55964931;5.32303900;6.35212300
42.60060931;5.32303900;6.35212300
42.64156931;5.32303900;6.17450500
42.68252931;5.32303900;6.17450500
42.72348931;5.32303900;5.99749800
42.76444931;5.32303900;5.99749800
42.80540931;5.32303900;5.99749800
42.84636931;5.41123700;5.82049000
42.88732931;5.32303900;5.64287200
42.92828931;5.32303900;5.64287200
42.96924931;5.41123700;5.46586500
43.01020931;5.41123700;5.46586500
43.05116930;5.41123700;5.28885700
43.09212930;5.41123700;5.28885700
43.13308930;5.32303900;5.11185000
43.17404930;5.41123700;5.11185000
43.21500930;5.41123700;4.93423300
43.25596930;5.41123700;4.93423300
43.29692930;5.41123700;4.93423300
43.33788930;5.41123700;4.75722500
43.37884930;5.49943500;4.58021800
43.41980930;5.41123700;4.58021800
43.46076930;5.49943500;4.58021800
43.50172930;5.49943500;4.58021800
43.54268930;5.49943500;4.40260000
43.58364930;5.49943500;4.40260000
43.62460930;5.49943500;4.40260000
43.66556930;5.49943500;4.40260000
43.70652930;5.49943500;4.40260000
43.74748930;5.49943500;4.40260000
43.78844930;5.49943500;4.40260000
43.82940930;5.49943500;4.40260000
43.87036930;5.49943500;4.40260000
43.91132930;5.49943500;4.40260000
43.95228930;5.58763400;4.40260000
43.99324930;5.58763400;4.40260000
44.03420930;5.49943500;4.40260000
44.07516930;5.58763400;4.58021800
44.11612930;5.58763400;4.58021800
44.15708930;5.49943500;4.75722500
44.19804930;5.58763400;4.75722500
44.23900930;5.58763400;4.93423300
44.27996930;5.58763400;4.93423300
44.32092930;5.58763400;5.11185000
44.36188930;5.58763400;5.28885700
44.40284930;5.58763400;5.46586500
44.44380930;5.58763400;5.64287200
44.48476930;5.58763400;5.64287200
44.52572930;5.58763400;5.99749800
44.56668930;5.58763400;5.99749800
44.60764930;5.58763400;6.35212300
44.64860930;5.58763400;6.35212300
44.68956929;5.58763400;6.70613700
44.73052929;5.67583200;6.70613700
44.77148929;5.67583200;7.06076200
44.81244929;5.58763400;7.23777000
44.85340929;5.67583200;7.41477700
44.89436929;5.67583200;7.59239500
44.93532929;5.67583200;7.76940200
44.97628929;5.67583200;7.94641000
45.01724929;5.67583200;8.12402700
45.05820929;5.67583200;8.12402700
45.09916929;5.76403100;8.47804200
45.14012929;5.76403100;8.47804200
45.18108929;5.76403100;8.47804200
45.22204929;5.76403100;8.65504900
45.26300929;5.76403100;8.83266700
45.30396929;5.76403100;8.83266700
45.34492929;5.76403100;8.83266700
45.38588929;5.76403100;9.00967400
45.42684929;5.76403100;8.83266700
45.46780929;5.76403100;9.00967400
45.50876929;5.76403100;9.00967400
45.54972929;5.76403100;9.00967400
45.59068929;5.76403100;9.00967400
45.63164929;5.76403100;8.83266700
45.67260929;5.85223000;8.83266700
45.71356929;5.85223000;8.83266700
45.75452929;5.85223000;8.83266700
45.79548929;5.76403100;8.65504900
45.83644929;5.76403100;8.65504900
45.87740929;5.85223000;8.47804200
45.91836929;5.85223000;8.47804200
45.95932929;5.85223000;8.30103500
46.00028929;5.85223000;8.30103500
46.04124929;5.85223000;8.12402700
46.08220929;5.85223000;8.12402700
46.12316929;5.85223000;7.94641000
46.16412929;5.85223000;7.94641000
46.20508929;5.94042800;7.76940200
46.24604929;5.94042800;7.76940200
46.28700929;5.94042800;7.41477700
46.32796928;5.85223000;7.41477700
46.36892928;5.94042800;7.41477700
46.40988928;5.94042800;7.23777000
46.45084928;5.94042800;7.23777000
46.49180928;5.94042800;7.06076200
46.53276928;5.94042800;6.88314500
46.57372928;5.94042800;6.70613700
46.61468928;5.94042800;6.70613700
46.65564928;5.94042800;6.70613700
46.69660928;5.94042800;6.70613700
46.73756928;5.94042800;6.52913000
46.77852928;5.94042800;6.52913000
46.81948928;5.94042800;6.35212300
46.86044928;5.94042800;6.35212300
46.90140928;5.94042800;6.35212300
46.94236928;5.94042800;6.35212300
46.98332928;5.94042800;6.17450500
47.02428928;5.94042800;6.17450500
47.06524928;5.94042800;6.17450500
47.10620928;6.02832100;6.17450500
47.14716928;5.94042800;6.35212300
47.18812928;6.02832100;6.35212300
47.22908928;5.94042800;6.35212300
47.27004928;6.02832100;6.35212300
47.31100928;6.02832100;6.35212300
47.35196928;6.02832100;6.52913000
47.39292928;6.02832100;6.70613700
47.43388928;6.02832100;6.70613700
47.47484928;6.11651900;6.70613700
47.51580928;6.11651900;7.06076200
47.55676928;6.11651900;7.06076200
47.59772928;6.11651900;7.41477700
47.63868928;6.11651900;7.41477700
47.67964928;6.11651900;7.76940200
47.72060928;6.11651900;7.94641000
47.76156928;6.11651900;8.12402700
47.80252928;6.11651900;8.47804200
47.84348928;6.11651900;8.65504900
47.88444928;6.20471800;8.83266700
47.92540928;6.20471800;9.00967400
47.96636927;6.20471800;9.18668200
48.00732927;6.20471800;9.54130600
48.04828927;6.20471800;9.71831400
48.08924927;6.11651900;9.89593200
48.13020927;6.20471800;10.24995000
48.17116927;6.20471800;10.42695000
48.21212927;6.20471800;10.60457000
48.25308927;6.20471800;10.95859000
48.29404927;6.20471800;10.95859000
48.33500927;6.20471800;11.13620000
48.37596927;6.20471800;11.31321000
48.41692927;6.29291700;11.49022000
48.45788927;6.20471800;11.66784000
48.49884927;6.29291700;11.66784000
48.53980927;6.29291700;11.84484000
48.58076927;6.29291700;12.02185000
48.62172927;6.29291700;12.02185000
48.66268927;6.29291700;12.19886000
48.70364927;6.29291700;12.19886000
48.74460927;6.29291700;12.19886000
48.78556927;6.29291700;12.19886000
48.82652927;6.29291700;12.19886000
48.86748927;6.29291700;12.19886000
48.90844927;6.29291700;12.19886000
48.94940927;6.29291700;12.19886000
48.99036927;6.29291700;12.19886000
49.03132927;6.29291700;12.02185000
49.07228927;6.29291700;12.02185000
49.11324927;6.29291700;12.02185000
49.15420927;6.29291700;11.84484000
49.19516927;6.29291700;11.66784000
49.23612927;6.38111500;11.66784000
49.27708927;6.38111500;11.49022000
49.31804927;6.38111500;11.49022000
49.35900927;6.38111500;11.31321000
49.39996927;6.38111500;11.31321000
49.44092927;6.38111500;11.13620000
49.48188927;6.38111500;10.95859000
49.52284927;6.38111500;10.95859000
49.56380927;6.38111500;10.78158000
49.60476926;6.46931400;10.60457000
49.64572926;6.38111500;10.60457000
49.68668926;6.46931400;10.42695000
49.72764926;6.38111500;10.24995000
49.76860926;6.46931400;10.24995000
49.80956926;6.46931400;10.24995000
49.85052926;6.46931400;10.07294000
49.89148926;6.46931400;9.89593200
49.93244926;6.46931400;9.89593200
49.97340926;0.12207400;2.45368800
50.01436926;0.03387555;0.15076140
